Kabupaten/Kota;2022;2023;2022;2023;2022;2023;2022;2023;2022;2023;2022;2023;2022;2023
Simeulue;1771882.88;1926918.07;100995.31;111957.98;832009.1;854814.97;1092343.9;1214837.88;6197.77;6592;-1115400.61;-1180019.61;2688028.35;2935101.29
Aceh Singkil;1837939.35;1925889.68;50875.44;54233.53;917253.61;933564.24;898634.96;975556.67;35602.56;35724.98;-735681.36;-722459.95;3004624.56;3202509.15
Aceh Selatan;4135803.3;4252534.02;117098.15;126111.42;1301141.82;1318035.5;2149461.38;2352515.86;25269.89;67572.66;-1282256.77;-1082312.26;6446517.77;7034457.2
Aceh Tenggara;4168534.33;4432180.52;205550.87;233480.74;1440371.46;1390927.91;1594665.55;1700802.48;162028.39;151699.11;-1742458.33;-1651144.79;5828692.27;6257945.97
Aceh Timur;9037578.94;9599718.86;328965.33;368339.1;1543873.27;1571538.32;4276605.48;4339766.63;250955.59;133849.81;-2336922.77;-2210118.05;13101055.84;13803094.67
Aceh Tengah;3721566.7;4035368.95;138418.57;153168.11;1294573.87;1329765.73;3391856.38;3800743.09;73095;114302.12;253896.88;409156.2;8873407.4;9842504.2
Aceh Barat;4518389.31;4919560.39;236536.51;267492.85;1380158.42;1498723.06;4260455.47;4706453.44;193233;247608;2141386.11;1932084.99;12730158.82;13571922.75
Aceh Besar;10283764.34;10956409.49;69932.91;75332.91;2506703.58;2491103.68;5316038.98;5822263.55;199627.49;194934.68;-2919203.5;-2562067.53;15456863.79;16977976.78
Pidie;8315097.51;8926005.87;305399.56;345459.05;2407935.58;2378162.03;3701562.96;3826436.2;588.46;1436.33;-2318211.01;-1987850.1;12412373.06;13489649.38
Bireuen;9806630.47;10301825.8;283252.47;308232.25;2064186.27;2079079.06;3476180.48;3714864.12;294558.95;209160.14;-455247.46;415140.09;15469561.17;17028301.46
Aceh Utara;12512766.95;13363164.81;461876.83;490171.67;2877783.38;2962471.63;7020404.63;6892838.46;133771.17;-463553.74;5303852.43;5227059.41;28310455.4;28472152.25
Aceh Barat Daya;2433178.57;2603044.61;69333.87;77000.04;848430.79;864424.24;2593921.61;2711915.92;27199.98;26333.21;-1425709.13;-1317843.95;4546355.7;4964874.05
Gayo Lues;1538506.33;1665429.95;86908.29;95568.37;943240.21;971345.11;1221609.68;1273355.61;70369.09;64702.48;-784130.14;-734246.03;3076503.46;3336155.5
Aceh Tamiang;5343217.09;5681260.02;136863.65;145613;1269968.99;1240713;2797665.13;2940980.09;1122.65;1157.33;884413.97;719026.01;10433251.5;10728749.45
Nagan Raya;3916636.25;4427366.9;192448.99;219695.35;982405.1;1099746.83;3210040.84;3562460.83;16254.77;75103.69;2317470.87;2565360.14;10635256.81;11949733.74
Aceh Jaya;1562116.37;1694955.62;64541.04;71370.22;958458.33;983394.62;1615964.13;1679863.8;34044.04;36618.67;-1113592.73;-1092415.62;3121531.18;3373787.32
Bener Meriah;2584472.69;2737646.9;109475.85;117731.19;947816.2;977980;2406984.78;2654519.36;4325.68;25305;-576902.2;-497358.44;5476173;6015824.01
Pidie Jaya;2923383.37;3061589.96;169506.37;189170.51;939907.31;939726.05;1449224.01;1486790.29;-14314.3;27369.86;-1487527.95;-1355558.29;3980178.81;4349088.38
Kota Banda Aceh;12332050.47;13250302.63;350327.37;390458.76;8005958.49;8387180.99;5042582.41;5593291.42;187667.45;201740.92;-4358074.9;-4045509.92;21560511.29;23777464.8
Kota Sabang;886167.54;933703.08;106219.15;112811.06;945381.34;967479.05;1075121.96;1106511.74;84426.48;52307.48;-1454538.47;-1425882.83;1642777.99;1746929.58
Kota Langsa;4014067.81;4254196.96;150280.07;160905.81;1084745.08;1152927.9;2197130.26;2385462.2;139148.22;168673.52;-1322086.72;-1268781.08;6263284.71;6853385.32
Kota Lhokseumawe;5130724;5446525;129865.36;142178.65;1559578.62;1612348.33;4599354.24;4820400.41;92053.56;90937.56;-1233950.42;-942757.85;10277625.37;11169632.11
Kota Subulussalam;1429635;1514857.77;58894.11;64889.21;645008.85;651758.68;1153756.8;1239051.12;-8115.06;10664;-914275.72;-921632.5;2364903.99;2559588.29
Nias;4048024;4362942.41;174966.14;185881.31;905939.73;998613.28;1117901.59;1195285.61;15098.38;24939.02;-1725709.73;-1909864.42;4536220.11;4857797.21
Mandailing Natal;10501963;11438280.66;240386.43;274981.32;2284506.25;2493613.31;3436534.75;3809453.51;559731.48;549965.72;-619593.24;-243971.85;16403528.68;18322322.68
Tapanuli Selatan;7762968.38;8805071.69;111858.78;131757.61;1554902.14;1683420.78;6012128.81;6795056.27;209177.16;621439.53;1400852.95;838703.63;17051888.23;18875449.51
Tapanuli Tengah;7973967.97;8726009.03;241748.42;282453.76;1040403.3;1038042.61;2189347.1;2488738.97;136834.88;146773.96;52997.92;-50244.67;11635299.59;12631773.65
Tapanuli Utara;6143374.98;6654536.47;455709.37;533058.16;1357706;1488104.21;4036103.98;4367414.13;274914.09;289712.37;-2622172.96;-2843122.71;9645635.46;10489702.62
Toba Samosir;4788189.97;5193889.11;145025.84;169212.26;1177413.79;1283898.03;1902699.92;2111740.52;130267.26;130649.8;800293.85;766880.98;8943890.63;9656270.69
Labuhan Batu;18938315.87;20678776.74;225507.8;252072.04;1435249.06;1535751.87;8933086.87;10047473.8;1315866.43;1495195.23;10960982.3;11753327.16;41809008.33;45762596.83
Asahan;23775878.88;26280835.12;497886.68;562083.03;2281804.06;2414147.37;12227401.76;13519065.2;683930.55;788279.92;7108414.17;7717612.43;46575316.1;51282023.07
Simalungun;24275923.98;26494630.73;444679.77;510273.7;2624058.42;2971477.85;11320627.64;11915767.38;441728.84;765615.25;8178871.2;9581335.06;47285889.85;52239099.97
Dairi;5909303;6645855.18;256930.08;290569.7;1097957.46;1235055.44;2809312.02;3028135.13;248837.64;250254.1;394604.24;201281.26;10716944.44;11651150.81
Karo;12914535.97;14028794.62;373798.28;441905.69;2011168.57;2120358.04;7591063.84;8641188.95;1102028.21;345050.65;-17027.64;831672.52;23975567.23;26408970.47
Deli Serdang;73614136;81986346.21;646625.35;736630.07;4140290.39;4466933.03;40604710.98;45048890.36;1867888.24;2587186.2;6672899.2;4271722.05;127546550.2;139097707.9
Langkat;28647843.51;31228672.11;465659.89;541771.5;3508191.54;4039491.3;11233132.07;12246210.74;1174941.43;2066845.55;6382996.51;6068257.57;51412764.95;56191248.77
Nias Selatan;6343654.01;6828250.22;212214.98;233948.96;2022153.79;2225874.79;2008253.83;2254985.2;469251.81;146568.48;-3041024.63;-3114651.25;8014503.79;8574976.4
Humbang Hasundutan;3942146.98;4454597.6;114968.72;132318.51;1117060.69;1240129.16;1666887.04;1876060.05;40738.06;3055.3;37683.58;-51109.87;6919485.07;7655050.75
Pakpak Bharat;782032.68;837502.79;13174.11;14837.87;386486.4;451832.14;429489.49;498456.54;7516.74;7762.63;-225119.96;-250620.7;1393579.46;1559771.27
Samosir;3096115.13;3461181.14;122085.72;134319.94;1021343.54;1066554.79;750009.4;836234.19;237854.25;222306.95;-61159.36;-64846.72;5166248.68;5655750.29
Serdang Bedagai;17735702.98;19533942.81;355165.59;388385.86;2672430.16;2568296;8271329.52;8898793.34;693187.97;828713.6;3790169.25;5316059.11;33517985.47;37534190.72
Batu Bara;16053158.46;17746681.17;301044.4;344418.06;1902337.98;2026234.23;7747533.01;8611538.35;978459.85;1184531.85;13884182.56;13861593.06;40866716.26;43774996.71
Padang Lawas Utara;8188896.06;8739674.2;173702.49;205252.58;1130958.25;1157182.52;3335904.4;3778879.79;94900.36;123162.62;1450934.41;1818214.09;14375295.97;15822365.8
Padang Lawas;6560319.97;7102937.43;123467.59;138199.5;883755.02;895073.14;3094698.56;3398283.45;66805.51;49580.29;3857717.76;4543004.66;14586764.41;16127078.47
Labuhan Batu Selatan;14220023.89;15503166.64;152189.73;170312.76;1136128.38;1217835.93;8648718.46;9915069.39;1193404.35;1493733.57;8804350.51;9284188.06;34154815.32;37584306.37
Labuhan Batu Utara;13112731.18;14696309.06;234539.65;277862.16;1288164.36;1362870.55;7489524.09;8303163.94;705115.4;765917.2;7452423.38;7864778.35;30282498.06;33270901.26
Nias Utara;3167683;3461162.19;63706.14;74541;823387.09;917976.64;1280695.6;1370746.9;120309.33;182864.47;-1282844.24;-1529423.18;4172936.92;4477868.03
Nias Barat;1628379;1781516.87;88408.06;94838.98;509171.17;559714.5;590699.41;638217.59;106022.22;91177.48;-749950.84;-828959.88;2172729.02;2336505.54
Kota Sibolga;3792568.55;4116987.54;116360.17;133201.71;718268.18;769707.63;1162502.39;1253523.25;136745.49;99045.84;413921.69;448331.91;6340366.47;6820797.89
Kota Tanjung Balai;5402957.97;6012497.35;131802.28;156752.85;941980.86;1056663.73;3150125.45;3418770.18;414772.84;187131.02;424503.44;377677.32;10466142.84;11209492.45
Kota Pematang Siantar;8650477.68;9516429.91;403430.48;443915.29;1569889.07;1586777.55;3651173.13;3954930.41;554151.72;631578.55;379186.06;94418.33;15208308.14;16228050.04
Kota Tebing Tinggi;4735944.97;5141470.4;23592.93;27079.97;1178814.66;1336871.82;2569990.03;2860172.68;77704.8;201733.74;-1654780.66;-2139043.07;6931266.73;7428285.55
Kota Medan;119829752.1;132451725.9;831385.32;966599.19;10000130.56;10152341.33;111865788.5;120356363.5;2945882.91;4443526.01;34686096.67;34941321.84;280159036.1;303311877.8
Kota Binjai;7772184.78;8603426.76;182482.22;205574.84;759572.71;860845.76;4302456.44;4798582.92;158341.7;66318.09;140915.57;-75165.65;13315953.42;14459582.72
Kota Padangsidimpuan;4643914.59;5049599.3;245002.12;289483.78;1273751.44;1430609.11;2713926.45;2903677.93;95480.23;98872.87;-1587119.75;-1843289.37;7384955.08;7928953.62
Kota Gunungsitoli;4377789.99;4686574.33;130690.2;145443.02;553704.34;620283.32;1926122.17;2098064.92;18794.19;19582.06;-530272.03;-645476.39;6476828.86;6924471.26
Kepulauan Mentawai;2761991.96;2978471.61;45006.82;49376.35;811539.32;816635.41;1603409.37;1797584.36;12812.59;-1200.88;210937.94;274132.22;5445698;5914999.06
Pesisir Selatan;8603813.91;9186230.87;171484.17;189609.62;1637915.13;1646355.18;4744732.49;5256454.68;64440.89;-101689.19;1384105.23;1848718.53;16606491.83;18025679.68
Solok;8766565.19;9432539.05;132663.15;147119.88;1488696.14;1526353.04;4895609.82;5513182.8;43629.55;9246.16;453976.32;687971.46;15781140.16;17316412.39
Sijunjung;5742616.87;6142236.36;81980.87;90652.35;960130.07;992987.92;3415750.49;3789497.25;40422.04;22471.95;427650.93;638925.28;10668551.27;11676771.13
Tanah Datar;8754471.76;9362656.13;180012.69;202477.56;1591786.17;1611913.13;4652318.27;5205701.28;40228.08;-25811.91;-159559.37;102622.41;15059257.61;16459558.6
Padang Pariaman;12467116.89;13387747.71;249024.32;276004.82;1773967.38;1812957.13;6717969.85;7472674.51;131496.85;6120.85;853772.12;2115344.98;22193347.41;25070850
Agam;13028083.34;13948913.44;250942.13;276213.74;1643635.71;1685306.79;6945132.6;7883117.37;36341.93;-30113.53;2020200.55;2399220.85;23924336.26;26162658.67
Lima Puluh Kota;9812910.71;10484749.9;183874.45;201350.91;1432655.05;1444382.58;5465024.73;6121403;17079.69;12366.83;989061.16;1339942.87;17900605.78;19604196.1
Pasaman;5608827.82;6002731.39;110303.58;121605.16;1087650.99;1108611.59;3137625.64;3479100.89;50628.01;12728.34;395541.61;635580.7;10390577.65;11360358.08
Solok Selatan;3561605.92;3807876.51;73245.69;80533.52;669317.63;675871.71;1879737.91;2085935.59;12707.46;-7868.06;234121.83;402065.71;6430736.43;7044414.98
Dharmasraya;6811290.13;7288212.05;118079.85;132696.98;1017321.93;1037216.79;3480907.53;3886625.52;43303.04;-72797.82;762565.9;1073815.74;12233468.38;13345769.26
Pasaman Barat;10203841.86;10885476.9;210102.52;230216.28;1422434.26;1432992.35;5464843.07;6088413.8;86671.24;-126313.16;487932.59;1034010.29;17875825.53;19544796.46
Kota Padang;36646836.55;39329658.24;775481.65;866416.68;8959132.79;9037432.09;20965804.84;23025404.87;172273.35;-527612;5459422.54;7973373.35;72978951.71;79704673.23
Kota Solok;2453653.3;2629961.06;47432.77;52354.8;686633.62;699856.07;1248545.39;1379550.86;9486.61;-8757.33;347401.4;509132.79;4793153.11;5262098.25
Kota Sawah Lunto;2385065.83;2556268.38;46018.5;50894.84;680562.18;682492.31;1121978.22;1242010.72;10026.53;12992.6;146113.65;280637.01;4389764.91;4825295.86
Kota Padang Panjang;2147209.28;2289095.49;43270.02;48558.67;654849.63;659420.87;1239215.13;1337117.31;4482.89;-2724.97;-2480.85;142617.24;4086546.1;4474084.62
Kota Bukittinggi;5472803.3;5832542.02;92247.49;102527.43;1157753.79;1165137.26;2756139.8;3056483.53;27757.36;-17787.96;687318.83;992679.39;10194020.58;11131581.67
Kota Payakumbuh;3762595.54;4020504.38;69108.83;76806.3;863746.48;908946.28;1982713.52;2181218.61;27764.34;-5279.92;1544373.24;1800156.98;8250301.95;8982352.63
Kota Pariaman;3106007.2;3330346.18;64878.35;72382.83;696219.75;703808.45;1593473.64;1745648.99;16550.23;305.74;404723.75;582627.58;5881852.94;6435119.77
Kuantan Singingi;17369235.6;18626021.57;189425.89;214633.75;1398775.7;1464631.25;18156081.8;18576719.45;79270.83;79598.87;7717013.17;8688965.73;44909802.98;47650570.62
Indragiri Hulu;19934382.78;21583879.3;266676.75;295761.25;1684044.33;1682830.8;19491980.9;20529446.02;75730.37;159103.63;12731933.86;12230967;54184748.98;56481988.01
Indragiri Hilir;33574647.2;35852526.73;469389.65;527643.74;1882024.45;2035587.17;18109678.9;19510039.42;146114.35;110219.42;28981891.48;29510354.72;83163746.03;87546371.2
Pelalawan;17398939.46;18649610.88;211358.76;247954.88;1348784.19;1486171.47;11469789.74;12377686.5;78901.39;71642.91;35045434.62;37688554;65553208.16;70521620.64
Siak;24133870.63;26092565.8;286451.91;325298.58;2137822.2;2356691.4;25967826.62;27421026.47;79458.86;108758.3;54389643.63;53619030.66;106995073.8;109923371.2
Kampar;42804529.47;46122931.02;539974.8;598192.43;2718675.98;3034458.59;34538976.4;37087808.19;104324.89;167357.16;22843089.71;19918243.97;103549571.3;106928991.4
Rokan Hulu;27905726.57;30319675.74;369837.06;409451.28;1362784.04;1423969.99;11418611.34;12057569.91;65413.29;86765.22;8492003.61;7859148.07;49614375.92;52156580.21
Bengkalis;33200131.62;35779434.88;399424.6;438419.09;3411904.64;3791083.93;31546406.08;33971628.1;101383.47;144113.41;107313206.6;94511165.73;175972457;168635845.1
Rokan Hilir;28350119.09;30647303.34;407544.21;449624.39;1812031.45;1955824.22;9722668.66;10171374.53;52922.59;52661.69;55739165.43;51463451.4;96084451.44;94740239.58
Kepulauan Meranti;8288480.43;9345320.61;164458.74;192948.72;600787.11;641840.45;5515811.33;5868055.41;32976.82;63032.06;10293767.28;9497395.66;24896281.72;25608592.91
Kota Pekanbaru;71615481.04;77846671.25;1423751.87;1612820.57;9987650.43;10873107.91;116404123.4;124332590.2;518159.58;1003283.76;-55389896.52;-55707800.19;144559269.8;159960673.5
Kota Dumai;14400691.97;15567627.77;194676.78;219477.3;2452593.4;2753221.63;18785813.34;19967222.54;57243.78;139658.4;9161790.59;10387078.24;45052809.86;49034285.87
Kerinci;6355382.51;6855619.43;68890.62;78134.89;1361965.28;1421328.55;3190099.19;3869018.34;48678.81;54041.71;1200605.42;1127205.84;12225621.82;13405348.76
Merangin;11523906.96;12534615.64;64855.35;73143.81;1269890.31;1347784.41;4369630.36;4930061.86;66226.71;67608.72;2989330.14;3661313.52;20283839.83;22524527.97
Sarolangun;9829076.45;10606216.75;99166.41;113821.28;1044327.34;1124922.17;6765722.67;7454144.5;46032.39;51709.43;2988118.12;2157912.1;20772443.39;21508726.22
Batang Hari;9537316.45;10302627.94;79048.5;91497.54;1240664.61;1288757.17;4568955.19;5177262.29;92992.62;105625.59;8785308.19;8482841.07;24304285.57;25448611.61
Muaro Jambi;12458174.79;13507445.12;127564.64;144877.99;1824793.23;1906075.13;5197702.48;6673242.81;417925.45;421491.51;12931860.38;13231710.13;32958020.97;35884842.69
Tanjung Jabung Timur;7066911.49;7647867.22;101073.75;114696.53;1343382;1392448.85;4151671.23;5019275.33;175979.93;187210.27;12767174.71;10711116.35;25606193.11;25072614.55
Tanjung Jabung Barat;11382030.6;12349330.63;98216.3;112334.51;1177481.81;1235660.85;6307243.92;7506980.32;338325.54;371729.68;30778280.2;29276237.38;50081578.37;50852273.36
Tebo;9474353.72;10203828.04;114172.94;127962.18;1004249.79;1043003.65;4029443.56;4438848.62;93725.61;99077.5;4982201.56;5270776.03;19698147.19;21183496.01
Bungo;11760794.4;12639182.5;121958.34;140020.33;1255867.75;1319692.54;6371306.82;7027038.84;146849.54;155532.08;5240449.37;4953307.31;24897226.21;26234773.6
Kota Jambi;20755163.69;22429553.33;573814.3;653437.92;6809512.64;7188390.47;7867741.23;8662865.49;448779.32;507656.63;-271176.09;1138719.45;36183835.1;40580623.29
Kota Sungai Penuh;3871197.85;4208195.62;53719.22;64168.22;580140.94;614511.86;2182447.94;2467850.94;160514.8;185234.8;1831071.35;1935177.25;8679092.1;9475138.69
Ogan Komering Ulu;12129585.92;13151501.85;256627.6;274358.88;1305209.71;1364360.94;6395334.46;6585701.11;60803.07;27688.71;-2533812.62;-2384242.98;17613748.14;19019368.51
Ogan Komering Ilir;21891814.73;24012331.86;499484.52;550919.84;2349736.06;2547700.97;10803020.67;11937688.35;16214.59;16434.25;-1320927.77;-1669832.07;34239342.79;37395243.2
Muara Enim;42818263.46;47755305.34;1278373.73;1438774.91;2619454.03;2773596.86;16871074.7;18044922.45;437382.36;107118.09;49552916.47;48397788.2;113577464.8;118517505.8
Lahat;15158832.55;16412501.28;364025.5;398789.15;3042855.34;3280132.83;6796598.19;7095917.72;30001.34;46110.17;2442166.03;2055439.43;27834478.95;29288890.57
Musi Rawas;15609528.3;16688393.58;292128.74;316633.65;1803762.67;1971202.57;5361405.12;5582125.94;-441273.5;-463023.84;-283434.5;-568780.72;22342116.84;23526551.18
Musi Banyuasin;54185532.2;60301337.85;1444377.67;1636795.9;4185247.03;4502211.13;21686550.54;23104337.12;-6561.5;102766.99;936393.92;-3876378.65;82431539.85;85771070.34
Banyu Asin;23147360.32;25657494.22;461651.97;512890.1;2146624.88;2383524.34;9265384.61;9824180.25;-38904.24;-46931.07;-539351.87;-891642.62;34442765.67;37439515.22
Ogan Komering Ulu Selatan;6796102.68;7332310.97;122236.84;130405.83;1225471.72;1320752.61;3308403.58;3411398.86;-74766.13;35321.56;-1048950.65;-1139794.83;10328498.04;11090394.99
Ogan Komering Ulu Timur;12748469.22;14044471.58;217996.87;245493.65;1652516.16;1829608.44;5934040.68;6301472.37;7949.28;8513.08;-2728130.19;-2964638.46;17832842.01;19464920.67
Ogan Ilir;8174958.44;8762130.61;185234.98;215571.74;1564524.86;1634776.85;3668609.64;3901256.81;-431.32;672.24;-341981.5;-263602.4;13250915.1;14250805.84
Empat Lawang;3652898;3993175.47;99433.3;107708.51;885014;952396.23;1755594.1;1834611.06;67962.1;53125.4;-622934.49;-638118.41;5837967.01;6302898.26
Penukal Abab Lematang Ilir;5476866.77;5936962.65;149681.54;167611.97;367031.83;392097.82;2525331.14;2638492.57;343.27;1351.52;-324509.61;-417440.63;8194744.93;8719075.9
Musi Rawas Utara;6425227.06;6836024.56;117780.65;122703.8;719246.03;792215.11;2267265.57;2402553.13;-6921.94;-8906.28;-974083.25;-1077518.48;8548514.12;9067071.83
Kota Palembang;109142418.7;118924601.6;2283391.29;2599793.03;8528520.79;9081294.66;78932626.78;83912220.97;-219642.08;25657.71;-19560510.85;-19973965.84;179106804.7;194569602.2
Kota Prabumulih;5924563.97;6343902.2;144413.3;158846.98;1060527.51;1125490.46;3466283.19;3561650.2;34566.32;33385.54;-1421857.01;-1389142.1;9208497.28;9834133.28
Kota Pagar Alam;2566875.11;2768215.53;64851.87;71584.76;504251.55;541800.75;1191595.91;1239916.23;64889.6;31404.29;-1136535.59;-1162390.34;3255928.46;3490531.21
Kota Lubuklinggau;4842192.8;5284216.94;125849.55;135575.48;826151.22;858268.72;3078065.17;3169149.83;65935.46;31825.58;-1250347.65;-1245323.83;7687846.55;8233712.73
Bengkulu Selatan;4078952.67;4480282.8;160914.9;185620.31;1282221.21;1409285.48;2688119.25;2874619.33;25234.68;-44888.14;-1522641.29;-1703772.59;6712801.42;7201147.21
Rejang Lebong;6853641.73;7527106.49;205318.92;237610.22;1284976.03;1424235.81;3859478.71;4094946.61;11903;-69348.41;-1222494.57;-1315436.23;10992823.83;11899114.5
Bengkulu Utara;6196518.58;6754629.33;165392.26;189115.31;1311969.72;1429074.16;4458794.21;4722254.88;279924.97;-75938.71;-93949.35;-528587.56;12318650.39;12490547.4
Kaur;2643866.08;2868830.24;97860.38;113161.3;829455.19;902212.95;2547716.72;2694588.76;3610.48;-20968.53;-1895906.23;-2010128.12;4226602.61;4547696.61
Seluma;3420450.87;3703129.41;76569.73;89005.54;888920.98;948280.97;3049460.21;3190314.76;4206.98;-34443.51;-2003109.07;-2127412.45;5436499.7;5768874.72
Mukomuko;3879643.24;4276922.54;140799.25;164409.08;871136.63;959852.06;3525855.71;3771938.48;3512.49;-21120.78;-2203759.33;-2352401.16;6217187.99;6799600.22
Lebong;2543051.67;2759740.83;124201.58;141929.52;770825.85;828328.96;2376340.48;2498408.98;1588.04;-22340.26;-1927090.89;-2046976.73;3888916.74;4159091.3
Kepahiang;3197740.47;3507182.21;139830.01;161850.02;782095.08;856381.69;2320369.66;2470558.4;20592.5;-25410.51;-1299865.54;-1354972.31;5160762.18;5615589.5
Bengkulu Tengah;3352814.61;3637166.94;71566.8;82113.13;617604.6;670917.63;2527842.47;2659476.77;8556.29;-132966.72;-33828.68;-251518.06;6544556.08;6665189.7
Kota Bengkulu;16653196.91;18475856.86;733298.92;847564.7;6643532.94;7322439.66;8294230.85;8921683.7;185211.65;-24524.55;-4419042.31;-4731612.52;28090428.96;30811407.84
Lampung Barat;6429352.52;7133025.03;225772.1;254554.95;1336246.48;1405037.26;3063880.1;3293486.85;19630.84;13899.3;-2795229.1;-3082049.24;8279652.93;9017954.16
Tanggamus;12945346.88;14222221.85;276520.64;315485.88;1615877.12;1690228.06;4428387.29;4762984.39;50184.44;32304.13;-1220576.95;-1414053.13;18095739.42;19609171.18
Lampung Selatan;28614440.01;31505213.26;708620.78;834012.41;2140725.85;2232065.15;18107159.77;19071422.94;430822.53;236341.94;1479005.33;1880344.07;51480774.27;55759399.77
Lampung Timur;30265670.38;32953494.12;770223.01;867152.35;2391552.67;2527884.24;14798609.24;15983076.6;-113177.99;-325316.63;1596982.44;868096.93;49709859.74;52874387.6
Lampung Tengah;43810130.22;48358174.62;1061787.07;1215871.32;2523322.97;2636655.84;27904596.83;30096273.53;26525.51;45295.93;7127694.72;7725336.38;82454057.32;90077607.62
Lampung Utara;16712250.36;18584413.74;857625.86;975991.74;1725722.43;1793552.47;9008770.58;9693955.25;1335.5;1517.62;-1260080.8;-1788875.31;27045623.94;29260555.51
Way Kanan;10291314.79;11313349.15;239489.89;274426.45;1186047.88;1244926.79;5208678.82;5604569.58;16877.71;17970.55;-789489.88;-981829.89;16152919.21;17473412.64
Tulangbawang;15673289.49;17284281.96;394544.94;450479.64;1149823.35;1197527.78;9436883.91;10138330.38;55956.54;39602.05;-727414.13;-912969.28;25983084.09;28197252.51
Pesawaran;10816876.96;11978480.23;250072.55;282853.83;1103133.81;1146733.09;5702620.94;6156141.62;5485.39;31867.43;723046.22;621304.02;18601235.86;20217380.22
Pringsewu;10932907.93;11938904.16;217340.34;248963.75;869820.89;900486.46;3947912.3;4252672.84;266138.42;290692.91;-3392016.03;-3621674.54;12842103.86;14010045.58
Mesuji;6883499.36;7648223.44;166779.89;187936.81;536112.67;555111.21;3631841.1;4027534.08;2908.74;2991.54;731847.8;526756.74;11952989.56;12948553.82
Tulang Bawang Barat;8822019.73;9728086.98;163250.25;187078.52;723376.66;756431.09;4144408.68;4452661.34;84807.66;89176.8;-704848.16;-823030.41;13233014.81;14390404.32
Pesisir Barat;3717251.65;4090885.64;96188.09;110368.92;147233.92;152010.15;1205950.62;1284164.43;7456.69;3464.32;171287.18;93666.66;5345368.15;5734560.11
Kota Bandar Lampung;41368851.74;45326520.04;1130004.97;1313507.19;11061676;11534583.16;22487468.27;24165185.35;225323.93;657491.75;-8391650.2;-8893607.04;67881674.72;74103680.46
Kota Metro;5211035.84;5755432.31;137887.37;157168.9;953943.49;995810.91;1571266.65;1689321.15;44873.28;15077.75;-694714.72;-747347.64;7224291.91;7865463.38
Bangka;11353641.44;12141615.85;109292.61;118978.4;1397518.84;1538895.92;3959304.56;4329498.73;19159.96;14632.56;1119909.35;1155225.86;17958826.77;19298847.32
Belitung;6891419.57;7400158.55;90741.77;97955.97;1271149.33;1402610.78;3271040.42;3571695.29;33898.89;32965.53;764123.87;1004619.24;12322373.86;13510005.36
Bangka Barat;8516736.21;8982298.53;91470.48;98786.01;955331.21;1047391.68;3240121.69;3544536.49;43667.37;45422.93;3914116.61;3973426.09;16761443.58;17691861.73
Bangka Tengah;7479961.91;7876502.05;89491.09;97132.83;1256020.16;1379342.83;2956930.89;3198687.94;1890.74;1712.81;-1261178.7;-1126106.62;10523116.08;11427271.83
Bangka Selatan;6882479.57;7300081.75;71862.83;80964.84;853343.74;975845.34;2840596.83;2992424.38;21316.39;22788.98;23383.71;-85.01;10692983.07;11372020.28
Belitung Timur;5244550.67;5579688.87;69257.42;74578.42;1091592.62;1188387.91;2814859.22;3064290.79;42338.21;46385.21;522008.08;608599.56;9784606.22;10561930.75
Kota Pangkal Pinang;8330264.93;8883585.51;153000.37;165134.37;2289688.59;2529584.69;4949704.91;5513339.64;12228.73;12010;1542651.7;1705127.95;17277539.23;18808782.14
Karimun;9853919.26;10806097.51;154995.77;175478.76;1627828.03;1740966;5711085.09;6390801.46;153392.25;163732.63;-1946722.97;-2260102.01;15554497.43;17016974.35
Bintan;12404952.33;13601155.34;29468.25;33029.67;1794153.78;1962006.56;13571336;15048775.88;264505.31;180188.07;-5068638.19;-5741370.18;22995777.49;25083785.34
Natuna;4383165.06;4860621.05;13113.63;14821.59;1990568.05;2088561.92;3722576.26;4036858.81;210663.06;32237.15;13945343.79;12486781.87;24265429.84;23519882.39
Lingga;2897515;3166437.23;17670.42;19790.95;1047277.91;1152578.73;2032992.64;2266483.01;43143.73;30640.51;-1185989.57;-1386172.11;4852610.13;5249758.32
Kepulauan Anambas;2622334.6;2896544.41;12347.66;13623.83;1596956.06;1767840.99;3556764.29;3942916.87;126981.18;159690.8;11993706;10460869.04;19909089.78;19241485.93
Kota Batam;77905152.56;85660429.16;434074.61;476296.15;2500969.55;2788093.29;88855676.85;101753011.6;765977.42;1394057.58;24374406.18;24025827.33;194836257.2;216097715.2
Kota Tanjung Pinang;13645987.63;14968240.21;82746.66;89875.75;4128336.98;4773706.29;9337840.88;9517683.47;335186.77;306418.28;-5737627.31;-6122262.13;21792471.59;23533661.88
Kep. Seribu;3141347.33;3417292.69;952448.16;1080273.53;566348.58;560385.73;395685.73;423488.94;70001.36;87980.79;5000498.46;2644182.72;10126329.62;8213604.41
Kota Jakarta Selatan;477421693;518168040.1;17420075.68;19761372.84;141006959.6;137033583.4;242228607.4;258605540.1;2338104.28;2661796.58;-149720219.7;-143615599.7;730695220.2;792614733.3
Kota Jakarta Timur;479639336.8;520187809.1;13310471.87;15067001.35;23642445.58;23084885.19;181484355;193908340.4;3107875.61;3101317.59;-154102189.7;-163118916;547082295.2;592230437.7
Kota Jakarta Pusat;185528394.4;201244308.9;8481895.89;9546381.69;218361703.1;216709121.9;217171509.1;233021556.4;1713304;1548655.65;164137991.4;197979335.2;795394797.9;860049359.9
Kota Jakarta Barat;453471625.3;492089130.4;11175135.31;12657357.69;19454354.73;19088030.46;235134773.4;251406355.3;2247099.34;1803162.8;-180729684.7;-191531536.8;540753303.4;585512499.8
Kota Jakarta Utara;361189421.6;391501400.9;15286626.14;17315769.72;19577321.72;19214564.07;236545012.5;252510223.3;3163717.44;3102930.91;-47969934.87;-52252046.03;587792164.5;631392842.9
Bogor;177653720.9;192235614;1543190.8;1794347.92;7699787.08;8286421.72;56272493.69;61208383.97;-506382.23;-519281.68;25080882.82;26100668.7;267743693.1;289106154.7
Sukabumi;49146331.52;53619341.4;378123.06;450154.44;3992457.34;4309715.79;21272677.97;23278582.16;118194.77;101363.62;1335880.68;558150.07;76243665.35;82317307.48
Cianjur;40391162.7;43776404.38;121047.3;142099.53;3341266.1;3603310.64;13076020.87;14926552.56;127397.71;116676.7;-3067924.04;-4173824.18;53988970.65;58391219.63
Bandung;112574114.8;123098140.6;648083.54;803449.42;5767222;6302597.65;27035801.15;29650707.23;612365.38;482257;-3635518.36;-6386410.47;143002068.5;153950741.4
Garut;52281101.29;57323705.67;349445.89;414089.12;4523416.7;4859843.33;16379255.06;18343199.14;59337.26;49119.79;-7001936.22;-8760727.21;66590619.98;72229229.84
Tasikmalaya;35532309.68;38560711.25;648100.2;739429.22;3465815.59;3767432;8519667.67;8841076.24;74211.59;70695.82;-5580601.95;-5881389.44;42659502.77;46097955.1
Ciamis;25258728.25;27643317.41;415312.85;493142.48;2953819.9;3165303.32;8620439.98;9304916.46;28234.85;23559.16;-502821.27;-789198.98;36773714.56;39841039.85
Kuningan;23999637.67;26627655.93;680821.22;762165.4;3202604.51;3320623.08;7183573.13;7901721.04;33281.91;5363.3;-5580087.18;-6072636.46;29519831.26;32544892.28
Cirebon;50703324.89;55199529.72;1045533.8;1232246.68;3734371.19;3880566.71;16430181.37;17130004.3;117076.84;96459.39;-15376845.54;-16229042.23;56653642.54;61309764.57
Majalengka;26304956.16;28547015.74;207877.77;245374.18;3000815.04;3196793.79;12639161.03;13925032.32;32871.79;28713.31;-4408569.18;-4229480.65;37777112.62;41713448.69
Sumedang;27355149.95;29540805.2;577743.02;678790.67;3383237.75;3495594.13;9601356.84;10111784.52;58491.97;51961;-950966.14;-551787;40025013.39;43327148.51
Indramayu;39286757.76;41855398.82;267691.92;296661.97;3511783.37;3714164.13;15770083.19;16292199.04;132769.79;123208.17;31804298.4;41278306.13;90773384.43;103559938.3
Subang;33104429.62;35645444.47;346060.64;389529.26;3852957.46;4091914.7;12029784.51;13742631.32;63291.21;61744.21;-3236127.44;-4239039.99;46160396.01;49692223.97
Purwakarta;39675989.1;43287843.57;287962.84;324269.79;2748793.78;2871155.46;17527284.65;19084627.85;75227.95;27299.26;16162292.24;16534063.25;76477550.56;82129259.17
Karawang;102334306.5;110094591.8;506417.68;564830.97;5303622.05;5507909.48;43734225.51;48264792.95;161712.91;129970.29;116188501.6;126354222.2;268228786.3;290916317.8
Bekasi;146138064.3;160897275.5;566711.55;606920.22;5496350.28;5581936.55;79217230.06;85584131.82;48870.44;11662.59;136094805.4;141141051.3;367562032;393822978
Bandung Barat;35585571.86;38762455.89;486475.1;556399.14;3080695.8;3204432.02;11216886.76;12110421.68;58649.76;50863.36;2493011.77;2260611.92;52921291.06;56945184.01
Pangandaran;7372135.71;7990939.53;100273.31;113373.66;1101466.66;1123803.29;2924111.57;3124477.05;17050.83;16414.9;1648657.59;1887410.8;13163695.66;14256419.23
Kota Bogor;52212386.19;56362061.23;860783.64;958041.54;4996676.26;5521008.61;17441678.6;19739333.88;-18399.42;7439.56;-22578526.83;-25584126.92;52914598.44;57003757.9
Kota Sukabumi;11406853.39;12508197.47;626530.73;700431.22;1506404.95;1626876.86;2218414.57;2459357.88;-6370.6;-2456.56;-1559578.99;-1942697.5;14192254.06;15349709.36
Kota Bandung;193618697.7;214179055.5;1896473.02;2282405.28;32273005.92;34392143.73;81615313.39;89038879.47;1528245.02;1303356.74;17219708.02;10088614;328151443;351284454.7
Kota Cirebon;14900800.97;16266309.31;509865.66;548831.57;2863061.01;3016558.18;6566128.56;6985531.22;-576708.36;-413485.26;2354694.15;2368848.51;26617841.99;28772593.53
Kota Bekasi;121706698.9;130955101.8;355716.19;395462.06;4862804;5066020.45;37125993;40354630.89;206004;202682.05;-54375840;-58010878.02;109881376.1;118963019.2
Kota Depok;101824409.6;111087564.7;886174.61;992173.18;2914559.27;3106748.37;43144948.54;47001084.09;62824.23;5883.6;-67666169.51;-74624830.35;81166746.76;87568623.61
Kota Cimahi;26687424.36;28817201.59;84474.2;102563.59;1931943.56;2045665.5;12216522.6;13222288.61;34659.64;29887.78;-3416814.58;-3718218.93;37538209.79;40499388.14
Kota Tasikmalaya;17441150.72;19460192.04;552783.74;665237.38;2562706.84;2782242.06;8072080.54;8968066.1;-54325.2;-55537.12;-3599718.98;-4408772.32;24974677.66;27411428.14
Kota Banjar;4259668.57;4623102.4;60200.77;71493.05;1175610.4;1233221.9;1567254.08;1635357.84;5522.69;4714.21;-2138873.27;-2321240.49;4929383.24;5246648.9
Cilacap;50313051.83;55223806.36;658789.44;749581.72;3293316.1;3485410.35;25459983.7;27136592.18;511035.6;557666.95;40785621.11;45272266.37;121021797.8;132425323.9
Banyumas;40373708.75;44312390.91;749918.15;833275.93;4694908.76;4973456.12;22796290.3;23994108.05;294519.72;321582.74;-6092042.57;-5683161.28;62817303.11;68751652.47
Purbalingga;20271871.02;22166471.55;456451.69;505262.63;1765288.21;1842421.88;5836779.25;6180384.9;891702.14;1036875.87;-398469.54;-506869.95;28823622.77;31224546.88
Banjarnegara;19105117.06;21081178.26;493226.96;551702.94;1839696.61;1955288.21;5507088.12;5881348.44;94271.26;104716.91;-2042918.27;-2383406.95;24996481.74;27190827.81
Kebumen;23821151.96;26294969.22;598119.65;659760.92;2606719.49;2757571.47;6401952.77;6729204.56;721891.31;951354.29;-1535190.48;-1629056.03;32614644.7;35763804.43
Purworejo;16593371.67;18282488;435731.7;474438.7;1971009.07;2082670.85;5633866.99;5962794.07;284556.81;331701.41;-3565991.28;-3946066.54;21352544.96;23188026.49
Wonosobo;16593224.14;18218378.54;429285.4;474793.44;1562140.78;1646905.84;4113375.94;4340980.62;375826.88;402929.85;-1486624.29;-1754066.78;21587228.85;23329921.51
Magelang;26095885.15;28620293.73;732361.22;816799.12;2655332.97;2827644.98;10422945.08;11086439.74;458242.61;512251.71;-2933158.01;-3183042.7;37431609.02;40680386.58
Boyolali;28849630.68;31581606.91;610397.35;675634.09;2317268.84;2455674.97;7889924.42;8778791.1;430736;473809.6;-1309023.17;-1229963.88;38788934.12;42735552.79
Klaten;34912143.72;38105009.52;769187.86;844877.37;2840222.75;3011556.01;10024273.93;11502646.13;273894.09;377319.03;-2228113.64;-2567217.7;46591608.71;51274190.36
Sukoharjo;29021652.47;31519498.13;523320.56;577800.08;2027175.77;2141851.91;9744968.86;10388894.57;135864.85;148347.7;1327645.7;1744857.99;42780628.21;46521250.38
Wonogiri;23859825.48;26319428.6;748191.93;844358.46;2313537.03;2453682.26;6969740.64;7575353.37;167764.1;184626.91;-366861.16;-434800.2;33692198.02;36942649.4
Karanganyar;29498661.99;32212511.94;578063.68;654396.83;2046840.21;2179415.69;9844231.27;10646273.31;859906.17;964279.87;260056.96;546676.76;43087760.28;47203554.4
Sragen;30248645.85;33411190.95;565012.69;634709.77;2389378.07;2562671.83;10284491.25;11126100.85;797818.88;906075.29;-42470.73;-70621.12;44242876.01;48570127.58
Grobogan;26188114.26;28643869.88;596304.75;661958.54;2515580.13;2558638.35;5260865.14;5700425.01;55910.13;62208.6;-2809881.76;-2868180.22;31806892.65;34758920.16
Blora;19521811.85;21411250.63;437547.4;486946.27;2229048.39;2322128.84;3493491.51;3695435.54;114136.33;124186.05;5163903.45;3712978.06;30959938.93;31752925.39
Rembang;15909115.87;17550635.95;349148.35;387209.27;1630196.49;1709109.77;5067279.05;5413592.7;888437.92;993342.1;-1736968.44;-1924184;22107209.24;24129705.8
Pati;35989444.13;39392368.2;640161.34;712464.26;2875181;3050008.86;11568342.87;12261789.17;538535.48;567486.54;-1492347.72;-1208707.73;50119317.1;54775409.31
Kudus;32167335.6;35508278.05;402175.3;446310.19;2127431.02;2262300.68;16227273.76;17220150.28;1350588.26;1356060.77;62290101.44;64517353.46;114564905.4;121310453.4
Jepara;30305809.84;33162574.54;615053.56;684402.33;2366463.58;2514185.43;13395849.58;14146085.15;250178.82;277594.54;-11922280.02;-12761574.81;35011075.36;38023267.18
Demak;23083717.68;25629207.02;530400.94;586998.4;2354988.72;2506001.77;8580563.72;9401051.13;284920.17;318684.72;-4582117.39;-5425135.61;30252473.85;33016807.42
Semarang;33191387.65;36458186.87;611647.8;680730.87;3446912.99;3534063.65;22700247.6;24428239.31;528376.72;573084.39;-3838449.91;-4390122.59;56640122.85;61284182.5
Temanggung;17669397.75;19401679.25;450045.54;501845.54;1633114.87;1736114.87;4165232.83;4446332.83;997043.04;1094243.04;-188391.31;-267891.32;24726442.72;26912324.21
Kendal;28699311.03;31378724.42;503399.92;567015.73;2170482.31;2288994.33;13443359.45;14358968.2;511240.83;553212.36;4338523.68;5213446.42;49666317.22;54360361.46
Batang;17857508.26;19431907.79;410823.63;454624.38;1584128.07;1675624.23;6810506.03;7311354.39;500782.76;554342.71;-1720200.73;-1541254.36;25443548.01;27886599.15
Pekalongan;19711309.05;21477016.92;463328.61;517786.07;1889415.44;2011301.01;6061161.91;6731381.74;516878.67;564525.21;-2680304.75;-3190008.88;25961788.93;28112002.07
Pemalang;23715081.73;25947604.67;541032.74;607274.91;2207563.44;2343200.68;4011090.9;4261217.06;149274.66;165405.87;-708630.79;-969679.37;29915412.68;32355023.82
Tegal;33240985.36;36247937.03;614255.94;682992.9;2412376.56;2548366.94;9573487.6;10138927.71;358223.35;393332.33;-5429002.65;-5571271.12;40770326.16;44440285.79
Brebes;40675240.63;44411288.61;736292.18;821944.77;2780640.16;2946392.49;6923766.61;7276003.28;177729.39;209920.28;2415182.8;1933608.02;53708851.77;57599157.45
Kota Magelang;5666977.9;6169827.23;139621.66;160980.35;1620887.38;1720186.95;4929933.22;5206113.09;107746.53;120157.11;-2391682.12;-2394528.19;10073484.58;10982736.54
Kota Surakarta;27946066.7;30938002.52;350155.74;377745.76;4844606.13;4987952.26;36492324.39;37895289.44;379819.87;404306.31;-14164424.42;-14117532.74;55848548.41;60485763.55
Kota Salatiga;9692940.85;10533340.84;161685.33;180220.81;1317763.29;1391990.19;6768220.67;7143445.46;149819.45;168397.5;-2709871.51;-2644303.18;15380558.08;16773091.62
Kota Semarang;91998445.98;101968259.7;1779689.72;1992289.53;24079744.06;25578275.84;140177366.7;148552561.4;1233897.46;1377940.82;-31894934.35;-30566720.53;227374209.6;248902606.8
Kota Pekalongan;8292361.84;9009785.84;166862.44;184862.44;1034476.83;1095976.83;4725271.11;5146620.87;38108.95;41808.95;-1666097.75;-1734830.88;12590983.42;13744224.05
Kota Tegal;9087506.65;9885566.52;150459.21;166039.79;1382388.73;1464586.6;7827700.9;8325258.03;87645.43;97342.96;-855787.79;-776552.07;17679913.13;19162241.83
Kulon Progo;8163651.69;8957052.96;417119.43;467506.79;1927395.48;2058966.68;7367945.73;8073340.59;56463.35;54529.65;-3617195.18;-3764189.2;14315380.5;15847207.47
Bantul;21934069.21;24015566.32;945048.5;1065117.33;3828537;4049662.98;7875342.49;8744816.91;221978.07;214717.63;-3622382.76;-4078294.45;31182592.52;34011586.73
Gunung Kidul;15036693.17;16426549.9;270112.1;307175.75;3369796.33;3564848.8;6767048.31;7494102.65;239927.89;231447.93;-2934744.09;-3047814.92;22748833.71;24976310.1
Sleman;33888203.31;37025066.08;1066383.67;1209509.15;7159192.64;7552158.48;20839558.38;23227246.99;821277.91;790535.17;-9072153.34;-10372979.62;54702462.58;59431536.25
Kota Yogyakarta;23206877.42;25391682.15;2117541.24;2401057.58;7926065.62;8347117.96;10918786.1;11963603.2;474348.64;458387.54;-2019865.1;-2369346.43;42623753.92;46192502
Pacitan;13745870.45;15021272.95;384764.15;423332.08;1511175.65;1591075.49;7769348.65;8324281.64;23922.37;24432.58;-5448613.69;-5893893.46;17986467.59;19490501.28
Ponorogo;16531843.37;18275670.38;573194.93;622340.8;2129176.04;2234886.61;6389219.88;6919568.41;18977.01;19812.52;-2614162.41;-2824497.06;23028248.81;25247781.66
Trenggalek;14600141;16505807.73;845728.17;928847.74;1871428.57;1958290.82;3857733.79;4264635.44;9229.99;9557.24;-301949.63;-927088.41;20882311.9;22740050.56
Tulungagung;30714035.62;33891669.72;739199.87;820320.69;2670345.59;2767248.62;12427985.02;13449498.81;35852.77;36882.81;-2453943.17;-3001184.73;44133475.7;47964435.91
Blitar;28507979.69;31191047.71;879301.41;975760.78;2765712.29;2861656.91;11483216.58;12125943.36;25328.2;26116.84;-2282228.6;-2288796.51;41379309.56;44891729.08
Kediri;34069687.4;37371279.94;1133472.47;1232859.33;2938345.7;3049885.52;15255751.36;16680106.49;261205.76;269192.46;-7008431.71;-7965169.49;46650030.99;50638154.24
Malang;76232252.65;84362397.67;2961540.12;3300153.6;4102769.4;4261936.88;37289678.74;40880151.54;102791.34;107655.65;-3267001.91;-4539080.31;117422030.3;128373215
Lumajang;25735439.4;28422570.47;427866.49;474494.98;1911056.63;1979306.68;7860130.63;8616189.13;759172.91;785669.01;-29938.45;-205453.26;36663727.61;40072777.01
Jember;61186848.8;67203363.97;1649395.75;1763527.43;3614249.62;3781076.22;16246460.24;17706814.99;2079542.81;2179729.04;3253948.89;2655282.44;88030446.11;95289794.1
Banyuwangi;61700098.15;67124859.93;1466008.54;1575010.59;5613086.21;5763800.84;28964315.72;31637762.81;252640.95;287974.54;-4717204.49;-5092786.16;93278945.07;101296622.5
Bondowoso;17261338.16;19010306.6;415757.51;456026.16;1768863.76;1855138.47;6103708.59;6600549.14;141955.99;150203.83;-2789768.75;-3298863.05;22901855.26;24773361.15
Situbondo;16468490.74;18170259.54;311338.93;341090.88;1967018.44;2085359.43;5267523.73;5670371.62;98401.81;101212.41;-984129.57;-1143311.26;23128644.07;25224982.6
Probolinggo;27124817.98;29953687.97;373640.18;464558.92;2066030.66;2171983.5;10441742.24;11362163.97;102005.07;104524.6;-1175457.07;-1679994.07;38932779.06;42376924.9
Pasuruan;102005588;113054668.1;1197991.93;1339931.79;2851005.06;2985460.36;52715816.52;56501142.8;1072272.63;1124891.7;12811498.1;11940079.28;172654172.2;186946174
Sidoarjo;134500816.6;149031827.6;2723492.63;3159840.51;14163625.03;14765378.69;73376621.72;80377756.91;1361483.84;1457639.62;19101420.84;24905630.18;245227460.6;273698073.5
Mojokerto;52976287.21;58356894.93;1135176.96;1267220.43;2139931.27;2245608.55;26498533.2;28572871.48;1034720.19;1021509.52;12013460.61;12900136.2;95798109.45;104364241.1
Jombang;34345295.44;37682645.93;1193111.55;1349259.83;2831958.28;2967426.2;14529638.64;15643133.84;543500.19;618167.07;-7507834.09;-8276151.33;45935670.03;49984481.54
Nganjuk;22345722.98;24570808.43;462296.4;521280.6;2205349.86;2335920.03;8894065.82;9622879.81;596435.43;617057.61;-3684122.21;-4020998.48;30819748.28;33646948
Madiun;15968519.6;17481165.4;435733.26;471306.14;1732762.39;1802425.7;7392739.63;7861862.57;241144.79;247953.7;-3911519.49;-4031705.77;21859380.17;23833007.74
Magetan;15803886.92;17570172.85;259171.24;275651.78;1861785.41;1935128.28;4907325.75;5304845.03;73513.67;75351.29;-1710941.85;-2238871.87;21194741.15;22922277.36
Ngawi;16570935.57;18106590.07;257910.67;280719.2;2055876.62;2110924.37;5015726.63;5383219.34;46099.91;52466.1;-1491596.55;-1609269.67;22454952.86;24324649.4
Bojonegoro;36863344.19;41416680.71;298286.03;329314.72;2465661.89;2619686.65;18436398.82;20181053.68;204132.84;213988.78;42225066.44;32761424.44;100492890.2;97522148.97
Tuban;39817845.52;43838676.79;612679.43;669155.89;2714469.28;2871749.53;27992008.29;29916808.11;366556.25;429574.59;3684095.25;4134095.12;75187654.03;81860060.03
Lamongan;32597852.55;35816162.05;1087100.7;1217541.62;2637510.15;2739204.29;14036110.86;15114962.25;117278.91;120770.92;-5034805.93;-6081338.56;45441047.25;48927302.56
Gresik;96864684.63;107271835.6;1122279.9;1256643.47;3326720.16;3471628.51;39489564.97;41510389.26;3874354.54;4056810.93;19230308.13;18503782.13;163907912.3;176071089.9
Bangkalan;18684585.18;20802808.49;296520.16;318267.07;1933346.58;1975937.99;8752174.17;9203502.05;364315.97;385543.79;-2866745.3;-4946031.21;27164196.76;27740028.17
Sampang;15154115.47;16413875.12;362286.73;396184.83;1847480.87;1886390.77;6436473.62;6724161.82;5094.15;5214.35;-796137.28;-1339175.28;23009313.55;24086651.6
Pamekasan;13614200.56;14845782.37;280034.61;310089.25;2048606.83;2103240.21;5796022.46;6202689.21;137687.77;140414.86;-2613201.72;-2720963.59;19263350.51;20881252.31
Sumenep;28204596.87;30720745.23;356388.31;399355.04;2486508.54;2571092.74;9688213.66;10571001.38;2047.41;2087.75;-482431.95;-1416309.74;40255322.84;42847972.4
Kota Kediri;26297106.99;29086684.53;306338.1;341196.43;1576242.87;1644223.28;23759072.73;25583006.51;2775191.99;2823817.51;98064357.69;100271008.3;152778310.4;159749936.6
Kota Blitar;5273458.04;5750116.9;86608.56;95663.04;1525900.45;1563086.24;1547346.66;1663626.45;3222.84;2593.46;-602597.07;-559928.73;7833939.5;8515157.37
Kota Malang;57320623.93;63645884.85;457130.93;511585.49;2279983.98;2415861.28;27923899.42;32919945.33;665843.84;745063.66;-3840050.03;-7184905.77;84807432.08;93053434.84
Kota Probolinggo;9474454.79;10460408.48;240949.83;243473.73;1176330.55;1239655.74;2464306.48;2487573.87;15865.04;16383.93;-440525.82;-151024.4;12931380.88;14296471.35
Kota Pasuruan;6736407.23;7460681.92;258294.84;292067.36;1001311.59;1051122.07;1981432.96;2115144.95;2090.49;2100.65;-526712.64;-521228.65;9452824.46;10399888.3
Kota Mojokerto;5457401.42;6004657.7;69224.88;75126.7;1042001.28;1089460.58;2622362.96;2713435.6;332.04;366.07;-1554298.51;-1844389.46;7637024.08;8038657.18
Kota Madiun;11579734.71;12629632.51;186744.94;211734.08;1174887.44;1235292.44;3290916.45;3670606.29;243544.9;258320.75;-657215.91;-749356.13;15818612.53;17256229.94
Kota Surabaya;389270439.9;431978167.6;5420343.86;6223495.55;22703889.72;23756117.19;175556566.1;191005511.7;6707268.56;6874939.37;55957713.46;55456475.77;655616221.6;715294707.2
Kota Batu;12276308.48;13680575.72;436897.08;504666.36;1281822.45;1360877.12;5819130.42;6438581.09;861.65;878.88;-1227418.14;-1461259.64;18587601.95;20524319.54
Pandeglang;21578380.04;22865873.59;520576.74;541493.74;2521864.33;2645031.56;2486471.94;2828051.8;407.98;8306.93;4968834.3;5129300.21;32076535.32;34018057.83
Lebak;24265993.15;25860333.16;567239.38;633015.63;2442340.85;2709299.35;2030980.63;2184894.62;8.86;47.44;4167961.14;4183405.53;33474524;35570995.73
Tangerang;82012475.55;88641195.83;749881.39;811729.66;5339166.2;6001089.65;40717192.1;46853056.17;300.11;49843.77;31348167.81;30945748.91;160167183.2;173302664
Serang;48061346.86;50856908.65;534677.74;567127.84;2429789.85;2527214.65;34949500.02;37131542.1;792.17;15761.1;2007026.27;3981883.2;87983132.91;95080437.53
Kota Tangerang;106624436.7;115605172.2;452587.26;490712.39;3727851.56;4182987.34;63977581;69910134.04;2482.95;53162.35;7624249.35;16355167.87;182409188.9;206597336.2
Kota Cilegon;24474419.31;26323123.18;66943.72;73987.65;1792629.77;1909247.08;53813001.69;59707989.18;31125.88;1878.02;40588708.94;41516199.27;120766829.3;129532424.4
Kota Serang;25431946.35;27328600.97;120656.89;130879.87;11055370.31;11622518.53;13131678.63;14337813.33;360.91;-4224.79;-13016173.01;-13577398.1;36723840.08;39838189.82
Kota Tangerang Selatan;67847062.07;72285425.38;187124.78;197808.35;1417205.08;1579862.74;45937287.67;48343163.65;11407.88;-94523.37;-19263204.9;-17924050.37;96136882.58;104387686.4
Jembrana;8082704.44;8792292.92;264928.69;308813.15;1692991.47;1646861.39;3613577.34;3835990.21;53730.86;21223.05;824322.93;1007696.23;14532255.74;15612876.95
Tabanan;14092446.81;15508268.03;412981.4;484981.4;2620790.29;2647096.54;4545684.95;4792399.99;27023.99;10842.68;1982370.48;2087340.31;23681297.92;25530928.95
Badung;27451962.4;30157921.72;378308.12;448840.02;4255657.96;4800634.64;20641999.88;22116276.72;167781.74;57301.67;2394290.07;10816587.13;55290000.16;68397561.91
Gianyar;15829115.52;17185489.95;303124.07;354082.72;2155650.53;2203800.72;9813905.92;10309515.43;43840.44;17375.66;-201430.72;459151.79;27944205.76;30529416.26
Klungkung;5265824.5;5671144.63;153947.88;176457.29;1478468.85;1519188.14;2824544.07;3007068.37;21984.36;7968.09;-534561.11;-301611.15;9210208.54;10080215.38
Bangli;4616013.79;5032804.79;138428.22;162430.43;1320141.5;1337175.52;2735260.18;2866083.05;21386.54;8524.17;-1493239.91;-1498708.45;7337990.33;7908309.5
Karangasem;10847914.24;11972213.95;373944.68;448264.61;1726490.01;1783490.88;2545743.46;2682798.63;42190.04;15022.12;2133208.92;2072885.23;17669491.36;18974675.4
Buleleng;19613949.37;21427081.36;716552.04;836361.07;3526686.12;3559733.64;8485075.35;9007782.79;57301.43;21440.01;3405719.87;3498707.23;35805284.19;38351106.1
Kota Denpasar;27947555.1;30704584.51;955055.37;1135018.72;8102755.02;8340083.46;17789851.05;19066386.23;114636.29;40100.81;-276025.63;814127.92;54633827.19;60100301.66
Lombok Barat;12439816.26;13326046.56;358708.22;395705.09;2470172.52;2558965.82;5961313.79;6604496.4;32676.07;45691.58;-4700841.48;-4809898.39;16561845.38;18121007.06
Lombok Tengah;13791711.9;14789221.32;238874.41;263616.98;2514570.52;2611031.69;9512912.61;10646118.35;24149.01;19939.43;-6838888.11;-7079303.08;19243330.35;21250624.69
Lombok Timur;16751915.12;17902459.84;709114.39;780343.52;3367310.77;3424382.64;8260441.59;9226325.3;82210.13;90797.73;-6571231.37;-6846567.95;22599760.63;24577741.08
Sumbawa;11299409.56;12043890.75;232355.86;254870.07;2139509.22;2216374.29;6419937.09;7133049.6;44609.43;51811.26;-4028103.85;-4189563.15;16107717.31;17510432.82
Dompu;5337516.48;5687507.57;124391.07;136871.36;1854032.87;1916272.3;3025305.98;3370827.01;16650.78;16637.76;-2531900.16;-2617460.07;7825997.01;8510655.92
Bima;8728535.88;9312780.9;201402.75;221802.41;2393768.35;2490707.84;4753742.11;5293127.2;28166.95;33229.52;-3371362.29;-3404985.58;12734253.74;13946662.28
Sumbawa Barat;3878948.55;4150415.58;154215.2;170090.27;1453929.1;1541444.6;5587656.4;6647661.25;76112.17;35990.65;20361632.96;17096071.16;31512494.38;29641673.52
Lombok Utara;3874265.92;4137580.22;72884.49;80419.74;1378277.34;1426866.05;1993549.74;2265076.94;15843.47;17173.61;-2283840.7;-2368330.26;5050980.27;5558786.31
Kota Mataram;13114699.5;13988147.85;297666.79;328648.41;3218927.46;3354470.89;7823532.07;8710957.42;26561.62;29243.77;-3299123.9;-3630505.95;21182263.55;22780962.39
Kota Bima;2996158.51;3187169.72;91953.09;101267.97;1509409.85;1578436.46;1539357.99;1734011.21;-3035.12;-1063.78;-1559231.45;-1613501.75;4574612.88;4986319.82
Sumba Barat;1913693.58;2047019.52;85593.52;93970.53;804948.71;841102.56;938201.44;1028472.91;60019.01;59277.82;-1219128.1;-1284153.91;2583328.17;2785689.42
Sumba Timur;3994042.35;4236803.12;238125.48;261125.19;1502937.11;1566855.07;2808455.39;3028929.43;72462.88;70896.63;-1786479.03;-1836205.11;6829544.18;7328404.32
Kupang;4341668.64;4638528.09;240021.05;263204.87;1798304.41;1885709.86;3120101.23;3366918.89;4053.08;3938.37;-1020801.78;-1000665.28;8483346.63;9157634.81
Timor Tengah Selatan;6241271.56;6626235.99;173499.21;197705.49;1392930.8;1464235.71;2967593.87;3198132.54;90022.34;88777.35;-2054930.21;-2078880.82;8810387.57;9496206.27
Timor Tengah Utara;3282753.98;3472194.64;172472;189519.58;854073.91;888445.25;2114283.63;2292503.39;75352.68;73892.74;-2005517.02;-2097111.1;4493419.17;4819444.49
Belu;3416288.96;3628814.23;101450.88;114175.52;1077348.06;1136841.02;1986996.19;2174186.29;110497.46;107084.62;-1656993.07;-1680553.02;5035588.48;5480548.66
Alor;2485714.7;2659298.69;106810.64;114952.5;1242245.96;1297842.98;1522863.11;1649754.03;30016.6;30142.97;-2024173.77;-2116392.02;3363477.23;3635599.14
Lembata;1515789.87;1598082.16;66998.36;70949.86;844730.54;881401.12;567548.19;611269.87;10819.8;10915.64;-989362.01;-1034308.75;2016524.74;2138309.9
Flores Timur;4237268.25;4502111.85;203679;223179;1391586.57;1450565.85;1473997.84;1601595.45;21029.8;20418.37;-1684185.29;-1735819.71;5643376.17;6062050.81
Sikka;4349370.13;4689657.3;178110.8;195146.24;1247315.28;1262718.33;2542944.72;2768413.1;33527.26;33304.8;-2648382.99;-2754574.03;5702885.2;6194665.73
Ende;4474241.97;4764221.17;179895.66;188708.88;1250416.35;1295268.49;3559705.03;3922092.67;62875.34;61639.05;-2734517.43;-2857551.28;6792616.92;7374378.98
Ngada;2487564.8;2664785.29;117144.64;129119.36;802704.82;816486.59;1048458.51;1132564.33;141517.15;140241.5;-778004.31;-769178.3;3819385.61;4114018.78
Manggarai;3415902.42;3630291.24;226445.8;249668.76;1297168.82;1357235.97;2229015.04;2428720.6;58303.81;56433.89;-2129567.13;-2220155.94;5097268.76;5502194.53
Rote Ndao;2080076.24;2212419.47;126676.08;140270.59;938805.65;982151.32;1143234.86;1243980.71;57041.67;55601.23;-828828.63;-887751.44;3517005.87;3746671.88
Manggarai Barat;3421988.02;3631414.12;67296.82;75572.91;968693.19;1006355.68;2578876.78;2826510.86;27755.12;26228.66;-3180997.78;-3311102.94;3883612.14;4254979.29
Sumba Tengah;966251.13;1032592.45;50362.59;55730.55;590978.21;601286.03;566517.22;620691.04;23285.31;22995.47;-894002.18;-935378.04;1303392.28;1397917.49
Sumba Barat Daya;3250072.76;3467681.15;181899.33;201223.98;911473.44;948733;1271302.17;1381282.94;22977.93;22478.61;-1461398.24;-1521499.55;4176327.4;4499900.12
Nagekeo;1856560.04;1984110.62;182025.86;199872.12;1034447.99;1061904.35;837666.73;931007.79;34670.3;33849.73;-1458230.69;-1540782.83;2487140.23;2669961.8
Manggarai Timur;2736049.38;2888497.91;52279.16;57430.54;1041696.05;1084642.19;1366673.2;1452984.2;27984.5;27074.88;-1575001.27;-1573121.36;3649681.02;3937508.36
Sabu Raijua;919434.3;963219.3;48847.63;53266.83;396634.37;411465.91;639072.55;682107.53;0.1;0.1;-458248.9;-471580.67;1545740.05;1638479
Malaka;2531666.47;2672338.09;74442.35;81294.9;955978.71;1000435.24;1644855.18;1799524.87;37424.55;36766.07;-2100067.7;-2168178.27;3144299.56;3422180.9
Kota Kupang;18497672.9;19881735.4;1090448.67;1217723.43;4579197.87;4762362.41;16968353.14;18545082.54;167034.85;161554.92;-15103157.17;-16090096.71;26199550.26;28478361.98
Sambas;13000691.98;13781119.1;264616.26;289263.12;2106593.49;2332781.54;5932813.91;6741043.24;457939.61;21509.85;2660252.9;3037064.66;24422908.15;26202781.52
Bengkayang;5846023.03;6168324.96;187490.68;212468.51;1260814.55;1430003.02;3185563.41;3696944.29;24376.35;486038.48;-179761.61;-847518.56;10324506.41;11146260.69
Landak;6752606.53;7371990.22;161276.82;191221.71;1741856.11;1964101.48;3060366.16;3526915.19;816950.37;1149108.52;242808.65;-519034.15;12775864.64;13684302.96
Mempawah;5807149.27;6143981.38;38084.1;41905.32;1627856.75;1813352.24;2461314.97;2830795.32;4548.57;210774.84;16666.2;-326801.6;9955619.85;10714007.49
Sanggau;12884907.25;13882303.01;268286.24;306281.59;2106267.7;2338225.03;7661602.7;8844634.65;248199.69;142620.22;677795.36;-984743.14;23847058.94;24529321.36
Ketapang;13841398.22;14282559.59;242780.21;269234.51;2265283.91;2524010.82;10068939.76;11371626.48;-106923.66;700471.84;8002508.56;6101258.77;34313987;35249162.02
Sintang;8677090.08;9432749.97;198738.08;229398.7;2110261.61;2370958.92;5583910.56;6465890.39;1260988.96;971055.01;-500584.89;-883195.31;17330404.4;18586857.69
Kapuas Hulu;6427409.98;7078959.5;40179.58;47452.98;1803193.22;2122946.55;3438307.68;3900334.57;577048.75;602755.57;-99038.37;-611585.18;12187100.86;13140864
Sekadau;4129736.3;4462981.61;91376.62;105994.59;1037518.43;1158193.7;2274036.04;2647603.51;477873.02;560672.28;-126414.65;-429110.66;7884125.76;8506335.03
Melawi;3681685.75;4018661.14;87243.32;97858.71;1355925.4;1497667.11;1753404.23;1942440.92;8548.92;-139209.99;-710266.77;-773019;6176540.85;6644398.89
Kayong Utara;2682686.17;2892042.26;70566.43;82322.56;954267.92;1070349.86;1402867.17;1613659.88;12367.13;189790.21;-142013.28;-472371.36;4980741.54;5375793.41
Kubu Raya;16362635.33;17684565.22;625421.16;719256.48;1769074.33;2001750.79;12267359.35;13649827.23;821672.24;1456168.2;3362622.23;2812230.85;35208784.64;38323798.78
Kota Pontianak;20181411.96;21242006.44;483623.83;516082.52;4427209.86;4889610.5;12675467.95;14629195.39;-779208.48;-241142.41;7331805.39;6849483.11;44320310.5;47885235.55
Kota Singkawang;5913915.27;6777238.85;352089.41;395972.88;1434963.4;1579604.23;4291868.14;4904013.9;-35139.26;35114.95;-35578.04;-792675.82;11922118.93;12899269
Kotawaringin Barat;7984864.66;8616495.47;262064.24;289538.09;1480964.28;1593833.15;10427739.75;11265363.38;22871.77;8661.35;6086559.29;6777766.48;26265063.99;28551657.91
Kotawaringin Timur;11405421.07;12049455.34;310429.8;344414.06;1897948.13;2139199.45;11832017.37;13032710.16;198706.19;4024.1;7713407.93;7372041.75;33357930.49;34941844.86
Kapuas;8552258;8994481.82;362299;413564.66;1786468;1891069.36;7371467.07;7866681.53;126897;-45863.7;4795546.56;4854483.93;22994935.62;23974417.6
Barito Selatan;3518165.21;3757281.27;304875;336184.48;1051492.68;1138510.38;3547342.53;4020000.9;170695.02;-21368.27;-460943.46;-749368.04;8131626.99;8481240.73
Barito Utara;4636921.93;5026120.05;236550.39;259986.1;1133672.95;1224347.74;4851159.9;5359811.29;146116.62;-25486.09;3293220.67;2333498;14297642.46;14178277.09
Sukamara;1534729.81;1660611.09;78938.54;87157.17;608736.9;651833.29;2065127.16;2254061.04;192.32;-31.95;1172263.41;1268485.07;5459988.14;5922115.7
Lamandau;2071371.95;2245163.1;49242.17;55189.89;753855.98;794338.3;2811511.69;3042246.82;41548.47;-3529.91;1588410.53;1385331.25;7315940.79;7518739.46
Seruyan;4233117.74;4566277.51;75299.67;85576.3;816972.19;895046.58;3903600.7;4447171.99;31149.29;-10106.64;1748572.24;1466094.67;10808711.83;11450060.4
Katingan;5160128.2;5635114.66;132482.15;148572.52;1588798.14;1759121.97;4242792.54;4724767.69;1824.4;-255.52;-1160432.37;-1511417.56;9965593.06;10755903.77
Pulang Pisau;2999039.67;3176240.24;69541.86;77659.01;1168272.52;1256898;2895561.24;3140934.69;-5829.9;-1065.3;-661826.74;-655661;6464758.66;6995005.64
Gunung Mas;3754521.45;4079226.47;135297.35;158369.24;1059658.99;1137491.44;3685134.52;3991705.37;178489.79;-34726.8;-677839.78;-712088.31;8135262.31;8619977.41
Barito Timur;3177948.63;3435229.87;68498.72;76960.93;1203889.32;1353250.85;3188372.98;3543451.48;140587.18;-22570.36;3168765.2;2518799.57;10948062.03;10905122.34
Murung Raya;3673554.92;3921204.27;64702.42;72618.79;1419094.47;1554409.91;3406588.71;3757698.38;108053.11;-20582.09;4326620.45;3163513.44;12998614.08;12448862.71
Kota Palangka Raya;9050721.45;9950220.56;552948.73;637062.38;6909863.1;7681148.94;7765710.37;8992441.18;264531.67;-36340.01;-2588900.57;-3049139.88;21954874.76;24175393.18
Tanah Laut;7472200.64;8131844.32;185719.51;211234.25;1544704.11;1669401.26;3506421.93;3853425.97;-41031.68;-57561.43;6354354.39;6357362.52;19022368.89;20165706.89
Kota Baru;7934551.8;8679801.29;171454.59;197713.4;2261934.64;2450527.37;5171836.54;5861135.34;-67072.85;45610.64;17793546.32;17711383.83;33266251.04;34946171.87
Banjar;13214047.45;14451142.06;191682.67;219765.81;2375666.27;2553344.03;6031452.44;6615760.11;-12509.51;-5942.45;-729114.61;-1199566.08;21071224.71;22634503.49
Barito Kuala;6878183.21;7537668.95;159966.93;181239.11;1403571.11;1501493.53;3041337.2;3371199.85;-30621.18;4447.2;-1584564.1;-2028569.75;9867873.16;10567478.89
Tapin;4519927.36;4966949.75;161912.72;184339.2;1511424.74;1634707.2;2133021.64;2348537.11;-3769.99;31339.55;4448738.57;4528303.96;12771255.04;13694176.77
Hulu Sungai Selatan;5551207.3;6106702.11;144036.65;166296.41;1446898.19;1610183.21;2246151.57;2486969.34;-21112.37;9652.88;-925176.52;-1214343.77;8442004.82;9165460.18
Hulu Sungai Tengah;6001181.06;6648703.44;148677.88;170710.75;1451664.8;1543075.31;2415093.91;2666748.02;-12425.03;-86330.62;-2056601.69;-2348871.92;7947590.92;8594034.98
Hulu Sungai Utara;5005459.79;5486353.73;142983.55;160628.43;1327858.69;1425569.35;1595154.38;1744623.7;-50.86;-12.11;-2400638.61;-2705337.19;5670766.95;6111825.92
Tabalong;6146343.86;6846598.86;145647.83;167581.92;1792346.68;1992174.74;3314917.27;3729933.52;-140043.09;-287380.77;17913080.2;18566353.31;29172292.76;31015261.58
Tanah Bumbu;7788883.13;8513172.82;153828.88;175381.15;1686982.03;1870280.22;3874506.76;4345104.23;-240872.52;-313209.62;18346657.1;19070667.39;31609985.38;33661396.19
Balangan;2949426.58;3236009.68;121534.89;139323.25;1179704.66;1315440.08;2809278.03;3088166.38;-29909.99;-27298.49;12817808.02;13124546.81;19847842.19;20876187.73
Kota Banjarmasin;23611462.43;26006032.69;250931.33;292334.9;4021138.79;4265040.35;10882401.57;11923964.21;-225869.99;-780904.56;-41692.32;342654.85;38498371.81;42049122.44
Kota Banjar Baru;5664601.46;6235982.75;224639.9;257035.35;2598339.04;2905559.48;4553488.43;4985228.2;-40551.21;-85818.9;-1214133.72;-969894.87;11786383.91;13328092.01
Paser;7257828.64;7989123.04;90010.42;98353.32;1865995.15;2476346.51;10300333.31;11672350.08;13959.82;19793.64;56734327.99;36961280.57;76262455.33;59217247.16
Kutai Barat;5181230.72;5592120.27;299698.89;330361.02;2450231.44;3157940.72;11775095.49;13600248.99;8097.43;7296.29;23695907.28;16648059.94;43410261.26;39336027.23
Kutai Kartanegara;21153840.61;22894706.03;634487.36;696756.93;5190140.07;7628676.38;73278645.65;85055221.71;23407.49;157275.58;140112068.6;88443527.91;240392589.8;204876164.5
Kutai Timur;9392886.55;10210644.06;347730.09;383969.81;2918661.35;4229344.46;29381605.16;33880012.35;82933.42;103901.33;168977667.1;119463651.7;211101483.7;168271523.7
Berau;5269850.17;5585418.44;404338.29;439771.38;1656311.51;2350490.74;8782076.82;9875035.05;4701.9;5432.05;44040878.36;33023869.5;60158157.05;51280017.17
Penajam Paser Utara;4509643.54;4919986.18;68119.07;74570.67;1375155.97;2167085;7184499.33;12459332.92;10028.16;14683.08;-18490.9;-2390050.83;13128955.18;17245607.03
Mahakam Ulu;774117.3;850125.54;30631.15;32579.98;401677.11;604290.83;915460.61;1065907.83;1776.07;8582.87;1045631.04;847680;3169293.29;3409167.05
Kota Balikpapan;29977207.72;32662305.11;659624.69;722571.04;3902891.36;5370273.75;48021884.94;53644805.45;70523.39;96337.07;44739402.29;50672896.49;127371534.4;143169188.9
Kota Samarinda;36529541.94;40323657;809669.84;895407.09;10945118.83;15867389.31;35336390.7;41887291.6;181123.66;150030.8;-448152.03;-9834327.5;83353692.94;89289448.3
Kota Bontang;6530465.3;7081680.55;349277.66;383680.4;1220540.69;1592731.06;8831619.5;9893314.41;12607.1;-7412.03;46163367.12;49161678.46;63107877.37;68105672.86
Malinau;2664589.05;2898786.95;130932.91;151107.31;1700936.87;1828770;4375169.66;4923027.21;89285.87;94807.61;8625680.1;8546160.09;17586594.45;18442659.18
Bulungan;3937548.08;4308956.3;156245.16;179500.8;2411208.54;2740184.1;11140531.51;12715946.71;28142.16;28863.54;6565124.88;5604244.88;24238800.33;25577696.33
Tana Tidung;524269.44;572805.97;86920;96405.42;770795.01;797536.63;2230030.71;2543957.48;38159;42817.5;4975554.45;4967615.61;8625728.61;9021138.62
Nunukan;4539911.57;4971361.73;98926.93;112241.06;1376325.17;1497181.51;6919412.34;7814679.03;37070.14;37636.26;27179047.02;28092750.36;40150693.17;42525849.95
Kota Tarakan;6203347.61;6760774.16;364127.35;412848.39;1667581.52;1782840.77;9251501.02;10301018.08;159523.59;164494.39;29841980.25;32657418.14;47488061.34;52079393.94
Bolaang Mongondow;4363145.34;4825888.48;92665.7;112045.04;1279444.44;1385902.61;2666818.88;2919313.06;360.84;379.28;1374307.99;1295887.3;9776743.18;10539415.77
Minahasa;8299237.93;9164263.79;997037;1179460.44;1496018.94;1577913.71;8403497.84;9140535.13;174.43;192.74;1173137.77;1065621.07;20369103.9;22127986.88
Kepulauan Sangihe;2622733.99;2888909.35;81409.33;98025.69;1069341.33;1132468.73;1497323.07;1666788.39;1813.17;2016.6;-49506.49;-133242.7;5223114.39;5654966.06
Kepulauan Talaud;1784955.79;1996342.22;50629.26;57444.31;696478.01;723064.59;835017.43;903781.78;1142.54;1279.12;-736968.55;-839305.49;2631254.5;2842606.54
Minahasa Selatan;4896130.43;5391469.8;386601.82;461956.06;1183686.44;1237802.43;3885649.94;4209531.65;1280.52;1355.64;173504.2;230579.02;10526853.35;11532694.61
Minahasa Utara;6887840;7583610.81;289162.02;339620.21;938183.62;980706.49;7645721.41;8180477.66;246.24;262.9;1464908.97;1642853.1;17226062.26;18727531.16
Bolaang Mongondow Utara;1445182.59;1565082;44849.32;53147.24;565215.19;589521.11;798534.46;874303.62;278.76;295.94;128156.73;180480.59;2982217.05;3262830.51
Siau Tagulandang Biaro;1763445.1;1908369.81;187070.54;217050.43;913569.25;954952.53;829050.86;895155.24;153.18;166.26;-836889.82;-861418.93;2856399.1;3114275.35
Minahasa Tenggara;3274306.07;3654084.78;189670.62;230395.75;692776.66;715252.11;2742599.45;2949755.36;90.39;94.43;-752058.41;-829605.42;6147384.78;6719977
Bolaang Mongondow Selatan;1242244.99;1360168.23;30340.14;36382.44;380636.79;400177.7;626707.15;655202.07;29.33;32.45;223557.24;274295.68;2503515.64;2726258.58
Bolaang Mongondow Timur;1726064.37;1908007.41;34328.41;40739.56;616813.67;673448.7;677015.81;747033.89;263.79;286.78;478455.12;439136.17;3532941.18;3808652.51
Kota Manado;17426426.89;19566644.67;685903.27;814796.08;4420323.33;4630452.2;15223752.3;16043471.62;215.56;241.78;6163815.2;7500196.12;43920436.56;48555802.48
Kota Bitung;7485106.65;8421255.11;268969.04;322743.62;1536180.44;1697625.84;5595030.14;5947993.75;2796.78;2940.85;5732176.74;6281150.56;20620259.81;22673709.73
Kota Tomohon;2640380.3;2954192.99;66953.5;79773.63;780756.46;847688.66;2818420.09;2975605.08;1094.32;1136.24;-1273259.44;-1410703.42;5034345.22;5447693.18
Kota Kotamobagu;2698915.19;3010686.69;73939.83;87456.6;733865.27;772838.68;1284125.84;1436856.13;330.07;339.11;-378518.55;-509429.61;4412657.65;4798747.6
Banggai Kepulauan;2841866.37;3046083.59;45416.02;51473.22;703771.31;732021.59;706137.67;744937.9;314.7;285.43;271284.97;350729.05;4568791.04;4925530.78
Banggai;12371469.96;13372500.65;567337.55;649682.68;3212147.98;3337943.59;8708113.29;9162010.71;238067.84;231946.62;15668997.87;11293879.15;40766134.49;38047963.4
Morowali;6486829.74;6952355.24;149502.47;169625.6;865793.15;911107.25;66841495.83;69778911.27;522428.46;254840.12;71906418.78;79979595.42;146772468.4;158046434.9
Poso;6226459.81;6857208.99;185846.2;209781.35;2107347.93;2226674.5;4953332.65;5290836.27;62401.85;61037.37;-2644036.68;-2934014.23;10891351.76;11711524.25
Donggala;7489134;8198104.7;200586;227254.86;1776956;1866065.88;4965494;5182068.44;152039.78;282693.89;-803358.95;-700662.6;13780850.83;15055525.17
Toli-Toli;5290343.41;5803631.52;118058.41;131788.99;1442184.88;1528579.99;3294131.83;3493428.47;179918.86;136496.77;-627372.52;-724998.69;9697264.87;10368927.05
Buol;3691833.61;4047682.26;80945.33;89739.1;1159958.46;1200482.19;2412998.2;2556941.43;9257.75;8878.93;-642355.66;-720132.81;6712637.69;7183591.1
Parigi Moutong;12088807.81;13300385.37;1147670.84;1295336.38;2351858.03;2514106.94;10246909.74;10603101.05;26805.83;32691.28;-5800555.62;-6093486.03;20061496.63;21652134.99
Tojo Una-Una;3564536.74;3951365.41;103082.52;117528.87;1347759.14;1385795.97;1778819.61;1828362.09;27516.05;34480.65;-445223.49;-505117.03;6376490.57;6812415.96
Sigi;6048475.77;6557707.67;283203.75;306583.57;1564656.16;1651078.56;4872310.23;5341086.6;13222.26;15302.95;-2182330.05;-2499118.61;10599538.12;11372640.74
Banggai Laut;2109919.99;2241295.56;26853.43;30400.64;505665.88;543230.69;355540.99;375714.69;89592.14;120756.85;-284012.12;-293964.69;2803560.31;3017433.74
Morowali Utara;5877736.59;6271288.68;111851.76;122786.32;1064592.53;1138920.05;17071185.64;17596468.71;169620.8;119226.38;-3213449.02;1185018.85;21081538.3;26433708.99
Kota Palu;16427276.34;18113000.59;968209.49;1103664.22;3954026.18;4212808.82;13613694.51;14706932.37;230586.03;167429.28;-6748648.93;-7516593.04;28445143.62;30787242.24
Kepulauan Selayar;3797582.96;4173887.2;90342.92;103033.4;1066325.96;1097181.77;3309728.15;3533501.85;14626.12;-3494.19;-798136.23;-917865.49;7480469.86;7986244.54
Bulukumba;10637758.26;11323342.33;208020.12;231552.33;1798191.46;1815783.21;4786090.45;5402242.14;20910.93;15796.63;-217659.99;81841.94;17233311.24;18870558.58
Bantaeng;5759505.59;6320179.57;212272.59;235726.24;1269880.67;1260863.83;5794570.12;6367377.36;39974.71;43633.24;-912059.19;-1473879.23;12164144.5;12753901.01
Jeneponto;7935760.2;8415432.63;291493.31;330627.38;1460343.62;1387387.31;4511302.58;4734828.99;15093.74;-5499.37;-2434168.32;-2711119.63;11779825.13;12151657.3
Takalar;7463602.68;8086723.31;214080.04;239022.79;1447380.99;1436220.5;2643144.09;2854311.16;198699.57;-9633.76;290146.21;261735.87;12257053.58;12868379.87
Gowa;15346160.66;16942844.58;480437.06;566789.76;2597605.37;2616500.64;7962656.42;8602000.45;26107.98;-19014.01;-801114.48;-255815.22;25611853.02;28453306.2
Sinjai;7308342.13;8043996.17;153631.59;176623.31;1235433.34;1346989.87;5148220.37;5711704.33;10034.68;8711.14;-325292.82;-497051.91;13530369.3;14790972.92
Maros;12715083.63;13761720.23;360286.31;412782.54;1818050.65;1791371.56;6498136.87;6820270.07;14730.53;-9269.08;2138015.32;3612094.92;23544303.31;26388970.24
Pangkajene dan Kepulauan;12810458.74;14076466.26;351344.59;379814.94;1509085.21;1629851.54;4975939.13;5346416.22;109086.83;16576.03;10725942.84;11218058.81;30481857.34;32667183.8
Barru;5298780.51;5651804.18;59348.35;68298.4;1059832.59;1118157.69;4124705.13;4461547.16;20104.84;-2996.89;-1684404.78;-1869701.53;8878366.64;9427109.01
Bone;24280839.09;26465137.89;475217.41;578855.96;4004112.89;4133639.59;15225430.69;16183124.43;12519.29;-73910.2;-357275.38;-351676.86;43640843.99;46935170.81
Soppeng;7167122.81;7908606.88;182382.92;212423.15;1243156.32;1268465.11;5595583.99;6015644.64;26107.87;-3473.94;-472517.81;-492332.48;13741836.11;14909333.36
Wajo;15021263.02;16021750.45;322259.15;358637.7;1466280.3;1489948.14;6915595.76;7141986.03;156759.81;-143528.74;470620.88;-280221.24;24352778.91;24588572.35
Sidenreng Rappang;9517539.24;10503246.94;302121.17;342805.54;1479708.26;1405970.85;6670587.49;7081805.8;-1154.55;-21075.58;-1269806.41;-1108725.82;16698995.21;18204027.73
Pinrang;13520859.63;14719570.14;207478.6;242904.96;1735539.74;1808966.69;8375759.19;8939252.78;187123.79;-17294.07;-261614.69;-546911.13;23765146.26;25146489.36
Enrekang;5193818.99;5711895.92;113653.41;132505.06;1290347.72;1310170.58;3350252.07;3656763.31;58212.78;46848.89;-980976.75;-1205884.48;9025308.21;9652299.28
Luwu;10836694.26;11543237.9;203185.05;227799.43;1574867;1707988.12;7048956.51;8167961.39;433207.03;-89923.33;-115937.66;198580.03;19980972.19;21755643.55
Tana Toraja;5281889.57;5690682.85;168657.64;202662.92;1217797.47;1250481.19;2810941.16;3041374.47;6461.1;-1361.36;-728305.32;-810730.81;8757441.62;9373109.27
Luwu Utara;9117939.09;9824542.73;184548.82;207689.44;1559350.74;1452555.81;4754097.95;5286776.67;3043.24;2876.13;431763.58;1066062.56;16050743.43;17840503.34
Luwu Timur;10847477.33;11945290.25;272908.86;316338.45;1233349.23;1364706.82;7804713.23;8678915.43;-50154.54;52029.16;8302111.71;8338668.32;28410405.82;30695948.43
Toraja Utara;6511029.68;7015338.18;319348.49;351651.63;1528912.1;1470230.6;4019763;4244518.7;175595.4;-3027.9;-1243342.83;-770947.97;11311305.84;12307763.25
Kota Makasar;103621568.1;113504960.6;3687209.83;4058924.85;16392855.07;17644449.45;99426442.26;105805700.5;280424.6;-63307.47;-14472707.59;-14047938.99;208935792.3;226902788.9
Kota Parepare;4581752.36;5013442.95;52724.88;58883.41;1216616.66;1300173.24;3449273.55;3729216.99;5947.73;5348.71;-609038.09;-795461.3;8697277.09;9311604
Kota Palopo;5410633.65;5963033.18;142114.7;162584.6;1362565.4;1307614.52;3913041.8;4246739.4;4354.89;3858.81;-1064815.58;-1184005.04;9767894.85;10499825.47
Buton;2401131.9;2655918.96;57577.61;64835.06;609603.67;652131.68;1563312.54;1645503.63;1402.79;120328.31;-41082.87;-76061.4;4591945.64;5062656.23
Muna;5152793.77;5665725.6;85277.19;97855.31;1359900.29;1470736.89;2808810.77;2908365.42;283307.8;428084.37;-1428699.49;-1757076.45;8261390.33;8813691.13
Konawe;6264425.06;6910573.06;125734.73;142223.89;1410945.45;1525341.1;3526715.7;3746830.09;3077.14;161944.55;2938649.39;5808496.34;14269547.47;18295409.02
Kolaka;7169794.26;7841001.63;182552.17;202475.15;1142091.5;1203888.04;13803186.36;14873812.76;4392.25;141156.29;9095181.77;11421877.1;31397198.32;35684210.97
Konawe Selatan;7786917.9;8722849.06;217100.79;242099.82;1441028.62;1624379.35;4999174.1;5655502.22;44497.64;237620.31;47782.39;-29982.24;14536501.44;16452468.51
Bombana;3832979.78;4209382.26;94601.8;103419.66;784457.48;830871.26;2425338.31;2565230.5;53694.51;137045.11;589223.93;711418.23;7780295.81;8557367.03
Wakatobi;2430815;2719560.06;85471.73;97648.37;1042322.96;1154464.35;1512373.7;1697448.75;242711.58;272583.05;-72867.35;-173603.23;5240827.63;5768101.36
Kolaka Utara;4475021.23;4787464.17;83257.09;89076.24;773170.65;805655.21;3954117.74;4261187.31;18323.7;130802.26;792107.62;1152751.22;10095998.03;11226936.42
Buton Utara;1619056;1789128.17;30289.88;33741.55;687232.58;731659.97;1507721.19;1588248.55;8126;108400.91;-50848.01;-201923.06;3801577.64;4049256.08
Konawe Utara;1641061.09;1801036.9;63521.54;71018.5;562782.25;602458.77;1263924.9;1373751.69;1526.08;110778.65;1266432.25;1300742.7;4799248.1;5259787.2
Kolaka Timur;3364377;3720747.28;43062.1;48683.66;494403.99;559369.24;1941433.73;2075625.49;47280.9;81283.93;-616878.07;-860306.02;5273679.65;5625403.57
Konawe Kepulauan;847417.14;925755.09;18687.37;20617.32;475932.69;529413.61;508325.09;543448.37;1486.7;46352.08;-272403.35;-348186.47;1579445.65;1717400
Muna Barat;2609332.58;2866795.94;36837.12;41887.3;453688.32;497722.18;1382146.24;1548053.28;48539.66;133943.52;-1460543.07;-1701416.49;3070000.85;3386985.73
Buton Tengah;1619673.49;1793276.12;31279.96;35073.8;343021.36;386823.67;1102451.96;1204486.7;1071;112513.16;-303343.8;-506217.61;2794153.98;3025955.83
Buton Selatan;1882348.5;2073364.91;37508.63;41495.45;405466.09;434594.21;1278274.66;1371361.83;1348.4;96572.69;-290844.01;-424216.62;3314102.26;3593172.48
Kota Kendari;14237772.14;15874561.24;241365.25;279677.79;6580617.93;7166737.73;10693960.55;11426245.89;-38614.36;521190.91;-5259154.31;-7008314.53;26455947.2;28260099.03
Kota Baubau;6054248.1;6749241.73;111840.9;124977.89;1441437.38;1625296.15;4872509.48;5176589.25;493799.19;497744.54;-2262445.11;-2652012.57;10711389.94;11521837
Boalemo;3739252.54;4075391.63;34137.59;37293.01;1097309.95;1134486;1163701.13;1250596.73;122189.76;131733.86;-44133.56;-42863.56;6112457.41;6586637.68
Gorontalo;9333519.36;10130800.29;121896;133841.06;2005297.99;2062046.14;4861677.34;5268838.86;166124.81;179226.84;-1599186.1;-1686998.11;14889329.4;16087755.07
Pohuwato;4239552.59;4525525.52;42582.76;45101.42;1068346.61;1103877.11;1449267.88;1543657;117185.53;124531.84;617079.49;767998.42;7534014.85;8110691.31
Bone Bolango;3228319.04;3506753.71;31739.36;34679.63;1287086.96;1330573.51;1376256.81;1479249.21;100821.46;108537.21;-744935.65;-761009.64;5279287.98;5698783.63
Gorontalo Utara;2331621.51;2500920.28;59576.71;64831.08;722091.74;745794.84;1144028.55;1221808.44;47993.45;50694.17;-451478.73;-438897.23;3853833.24;4145151.58
Kota Gorontalo;6445811.1;7010930.12;60199.42;67525.23;2858441.01;2952223.24;3194317.23;3433904.48;130390.26;139925.09;-2932520.74;-3068578.67;9756638.27;10535929.5
Majene;3542471.61;3711460.34;61579.08;72208.15;1175886.59;1241774.84;1423546.16;1521783.37;-43695.01;-55117.33;-623058.94;-523385.68;5536729.49;5968723.69
Polewali Mandar;9392258.61;9865615.61;80066.22;89927.75;1761434.3;1850877.78;3738701.64;3981417.82;355079.71;361287.25;-484714.8;-146356.62;14842825.68;16002769.61
Mamasa;2442368.66;2527842.75;60186.24;68398.29;819980.67;778288.25;946459.22;987779.39;-80150.08;87028.45;-900541.18;-974958.29;3288303.53;3474378.84
Mamuju;6664073.81;7101007.76;95156.59;113037.88;3255882.3;3432139.77;4070527.75;4384851.09;-86047.71;184132.17;-621589.42;-835661.2;13378003.33;14379507.47
Mamuju Utara;3341677.97;3597788.85;51576.55;61169.88;766299.4;843330.98;3771839.45;4054549.5;528122.19;-33258.7;4725747.67;5862597.63;13185263.23;14386178.14
Mamuju Tengah;2247650.92;2359040.31;41994.79;49570.41;473850.53;495830.47;916152.07;1010689.99;165044.86;144720.35;-30914.96;5946.84;3813778.22;4065798.38
Maluku Tenggara Barat;2545740.98;2692183.6;133052.5;146903.91;1108260.8;1127779.41;1640971.21;1673922.41;37660.92;37650.22;-2312466.87;-2285148.22;3153219.54;3393291.33
Maluku Tenggara;2339172.59;2527400.56;96524.93;105675.85;1177876.56;1201420.64;1370466.33;1405269.87;29819.01;29898.65;-1228913.2;-1159068.52;3784946.24;4110597.05
Maluku Tengah;8321677.34;9000062.23;290461.65;319018.15;2298905.52;2335346.39;2403185.99;2406724.11;32136.06;31941.9;-3360579.08;-3330562.09;9985787.48;10762530.7
Buru;2330947.5;2508213.68;82299.81;89299.47;1023792.36;1060592.96;1153805.35;1166131.65;20983.89;21384.89;-1846556.32;-1868431.53;2765272.59;2977191.13
Kepulauan Aru;1932603.7;2093915.75;89607.91;98569.7;925825.34;941767.59;1237388.47;1272319.81;14650.52;14910.07;-155729.58;14872.11;4044346.36;4436355.02
Seram Bagian Barat;2670732.01;2864820.72;91497.37;99829.23;1412767.31;1433501.76;1723714.44;1768693.92;34578.91;34701.88;-2432757.29;-2414002.54;3500532.74;3787544.96
Seram Bagian Timur;1958452.06;2087625.79;54736.21;60139.34;1329622.72;1367560.59;1255428.3;1271301.66;19878.99;19929.21;-979975.53;-1297203.51;3638142.75;3509353.08
Maluku Barat Daya;1193987.92;1268801.09;31748.4;34847.77;790330.56;808171.67;776592.96;799907.57;14940.33;15109.53;-543633.08;-58534.86;2263967.09;2868302.76
Buru Selatan;1397698.4;1518049.73;55697.84;61324.79;869817.21;891326.64;823760.27;837788.5;24853.62;25231.17;-1539524.82;-1567531.16;1632302.51;1766189.67
Kota Ambon;11387870;12254004.11;407858.33;447432.92;4030271.31;4109604.39;3746929.04;3855232.58;29145.76;29255.24;-2427033.49;-2164824.58;17175040.94;18530704.66
Kota Tual;1909007.31;2061994.36;60546.9;66178.81;853109.89;869066.65;948235.91;976672.44;23722.71;23814.82;-885605.23;-795316.67;2909017.51;3202410.4
Halmahera Barat;1623527.74;1760087.93;111675.95;122662.91;684244.32;737269.8;366912.04;274721.89;1638.99;-1503.52;-258549.72;-231256.92;2529449.32;2661982.09
Halmahera Tengah;977786.15;1087623.79;37443.08;42371.23;901356.94;1116953.93;28505130.67;19714527.21;376460.25;-276178.84;-9495734.59;6673047.33;21302442.51;28358344.64
Kepulauan Sula;1629132.48;1785964.63;20641.9;23556.04;751942.98;756136.8;653070.02;888729.11;1325.52;824.65;-181085.61;-410666.44;2875027.29;3044544.8
Halmahera Selatan;4015129.58;4325226.9;48764.53;54306.32;1129461.04;1216189.82;8364410.2;7776806.77;-323390.09;-2585.48;1091370.62;4357424.37;14325745.87;17727368.7
Halmahera Utara;3429583.83;3747466.41;79148.47;86467.03;1468936.99;1457410.28;2150151.3;1536131.38;16062.46;-38614.89;-655302.59;-46506.4;6488580.47;6742353.8
Halmahera Timur;1734821.98;1871703.4;96672.96;110591.25;1030344.24;1262755.39;1461462.13;2230534.52;126.99;-4847.62;-139284.77;-230015.26;4184143.52;5240721.68
Pulau Morotai;928172.99;1014085.69;8736.86;9284.19;385003.69;358561.46;766028.27;625010.16;1817.77;-7.27;-337566.71;-153302.83;1752192.86;1853631.4
Pulau Taliabu;739226.92;809945.9;2515.19;2942.93;201497.9;221406.05;275631.4;295135.58;-60345.52;1078.88;712818.34;606284.78;1871344.24;1936794.1
Kota Ternate;7932619.53;8640447.34;144948.07;164219.66;3652742.56;4190497.3;2995587.46;4090876.57;75645.11;-16859.14;-2487534.1;-3394309.19;12314008.64;13674872.54
Kota Tidore Kepulauan;1803491;1941289.55;53094.76;60445.71;2724243.61;2992879.38;1001756.04;869726.4;1946.15;1242.82;-2287968.14;-2354117.54;3296563.42;3511466.33
Fakfak;3176233.74;3308037.06;87397.57;104782.44;1921321.51;2035467.91;1923824.5;1941734;-93456.89;203418.28;-1424805.34;-1781979.27;5590515.08;5811460.42
Kaimana;1209261.91;1296980.29;60411.87;69531.7;1215972.46;1302814.51;761330.39;764086.35;-38160.2;-67415.46;-468105.16;-452016.36;2740711.27;2913981.04
Teluk Wondama;565998.9;607185.14;33871.1;40360.9;794692;866586.06;520755.2;529759.73;33234.66;575826.46;-285282.29;-866447.02;1663269.57;1753271.27
Teluk Bintuni;1398883.12;1560893.19;60667.87;71103.43;1681006.07;2052729.57;3284105.91;2859372.07;-278464.87;186722.49;28788799.02;32806481.98;34934997.12;39537302.73
Manokwari;5051466.68;5236339.75;224443.11;248801.88;2794524.9;3317999.56;4057565.05;2827641.34;136300.67;-159116.34;-1981953.27;-682379.83;10282347.14;10789286.36
Sorong Selatan;824242.7;886543.45;49723.03;62410.04;1090935.8;1128951.21;726199.8;737090.9;49436.48;-53962.08;-635212.63;-509598.34;2105325.19;2251435.17
Sorong;3136465.77;3327043.88;139004.92;157180.11;2000860.98;2195232.12;2209052.29;2235961.64;-199637.34;-102903.29;4286648.27;4215631.92;11572394.9;12028146.37
Raja Ampat;1128053.97;1238961.38;48045.59;59448.89;1107967.98;1225166.5;641615.36;606951.68;-53352;20529.31;1193800.96;1016457.76;4066131.85;4167515.52
Tambrauw;99368.9;105151.37;8512.28;9490.78;196489.18;222379.97;68607.63;63960.13;-4095.19;-41895.66;-112960.56;-86495.78;255922.23;272590.81
Maybrat;643744.83;689759.93;25246.95;28607.36;722868.65;837613.65;186017.33;168563.74;4;304.9;-794040.14;-913224.28;783841.62;811625.3
Manokwari Selatan;644032.59;696729.11;22430.78;25104.42;356551.91;463610.26;72491.29;71704.72;-54897.03;11040.59;-153186.02;-340996.26;887423.51;927192.83
Pegunungan Arfak;128177.9;138469.89;2801.79;3047.95;161107.92;171306.06;103728.77;124245.57;22816.51;2439.51;-138885.52;-119023.6;279747.37;320485.39
Kota Sorong;9454479.27;9932489.44;115106.56;132853.74;2585642.25;3014293.01;3319613.4;3143733.53;-991721.66;-413786.86;1690460.43;1019091.47;16173580.24;16828674.33
Merauke;12174494.2;13338261.32;198012.51;218311.82;3318244.57;3521745.04;4823948.87;5294402;-107985.27;-499343.58;-3036553.02;-2922835.47;17370161.87;18950541.14
Jayawijaya;8243958.03;8863904.19;80025.06;86989.93;1890633.75;2057636.33;4712285.72;5027253.6;-3259.99;-626519.86;-5757599.43;-5254411.29;9166043.14;10154852.92
Jayapura;8913202.39;9508050.98;170826.16;187559.24;3436021.38;3618576.24;5235898.49;5568797.89;-64224.93;413574.41;586860.85;-174991.43;18278584.34;19121567.33
Nabire;8397400.93;9084757.67;306519.39;343827.87;1804951.83;1908053.39;3211460.83;3419579.26;-70927.91;23222.01;-1044473.29;-1217557.15;12604931.79;13561883.06
Kepulauan Yapen;3344213.96;3555750.05;201178.02;213874.03;716221.8;755373.75;1070289.21;1080439.37;-11131.68;181019.42;-660719.28;-818895.2;4660052.04;4967561.42
Biak Numfor;4442780.54;4672757.09;245992.22;260614.7;1572403.11;1776020.71;1090940.85;1195825.44;-18574.58;234215.86;-1468382.63;-1857814.34;5865159.51;6281619.46
Paniai;3703523.88;3979450.2;14219.63;15172.53;1202156.15;1260485.41;2304463.05;2420737.28;-20894.2;18205.5;-2498638.82;-2680138.21;4704829.7;5013912.7
Puncak Jaya;1383080.23;1503140.95;50196.37;55068.54;650677.42;689949.39;700489.62;739237.55;-18154.55;3073.54;-1318224.16;-1481098.6;1448064.93;1509371.37
Mimika;13336782.66;14743913.34;230296.74;256714.66;4530507.3;4801727.98;21876602.75;23269172.73;-1576262.9;9549848.81;72027256.11;74251547.15;110425182.7;126872924.7
Boven Digoel;3540253.95;3773001.69;36869.81;40207.46;898437.67;959678.45;2177321.02;2338851.11;-166928.72;-212434.77;-1408040.9;-1558248.58;5077912.84;5341055.36
Mappi;2620202.53;2836514.43;51745.76;57241.29;1115764.68;1208720.24;1717869.74;1834419.88;-55372.42;-7818.18;-2099369.95;-2329126.79;3350840.33;3599950.86
Asmat;2369974.45;2607260.49;46106.06;55038.83;1390211.37;1426146.56;1450544.21;1549771.57;-1461.34;-1660.87;-2374793.32;-2491256.82;2880581.42;3145299.77
Yahukimo;2228064.55;2336437.72;22151.34;23408.06;1008064.04;1071258.19;1483861.22;1560077.38;-16527.38;12008.55;-2031279.98;-2102867.29;2694333.78;2900322.61
Pegunungan Bintang;1882814.72;1997194.75;22451.55;23877.28;634590.91;675564.84;972871.57;1028283.34;-22363.05;5480.2;-1287483.5;-1361140.4;2202882.19;2369260
Tolikara;1621649.85;1688299.19;23825.12;26643.4;801977.16;815736.64;889977.63;945104.65;-4116.05;3353.63;-1515827.35;-1470761.23;1817486.37;2008376.29
Sarmi;2366448.87;2513612.37;22599.88;25202.17;1073382.64;1138904.39;1654119.81;1812859.3;-67992.35;116560.23;-1732754.29;-2049013.75;3315804.55;3558124.72
Keerom;2364406.21;2482416.57;38305.1;41362.58;988360;1035850.69;1522856.42;1599314.62;-30963.11;15911.6;-1678200.72;-1788009.26;3204763.89;3386846.81
Waropen;1461375.7;1487494.15;50203.18;51071.52;845438.01;854103.7;1122503.79;1029783.17;-55204.88;64533.63;-1113445.71;-1182801.51;2310870.1;2304184.66
Supiori;940799.06;965442.65;70179.5;73357.24;370113.73;388271.53;816260.27;849875.66;-35065.05;36067.22;-1022911.82;-1140985.01;1139375.7;1172029.29
Mamberamo Raya;1365128.04;1482275.33;31184.91;34299.41;597876.9;621308.1;939582.16;1019101.07;-37513.78;42705.92;-923176.54;-1056196.2;1973081.7;2143493.63
Nduga;1076370.85;1134720.75;5167.43;5701.63;480382.01;507380.14;864992.67;928072.65;-13318.45;-13063.79;-1000310.23;-1051152.04;1413284.28;1511659.33
Lanny Jaya;1790956.16;1881511.69;34717.83;37230.94;714890.06;757689.63;1054401.35;1118738.96;-2715.02;-8512.9;-1447483.75;-1461736.37;2144766.64;2324921.95
Mamberamo Tengah;1139901.84;1215042.48;12999.83;14092.76;535509.46;569134.99;743692.84;802097.19;-9069.87;-13234.18;-1136122.67;-1179079.7;1286911.43;1408053.54
Yalimo;1130998.3;1198859.35;12691.53;13736.78;462499.21;493043.31;756026.74;809152.89;-1907.2;-5600.52;-920302.15;-950090.99;1440006.43;1559100.82
Puncak;1378306.75;1437259.54;19930.36;21110.18;568728.13;595721.69;957151.79;994946.91;-73526.11;21361.31;-1237780.98;-1401143.41;1612809.92;1669256.23
Dogiyai;1343587.82;1423824.01;36423.5;39147.85;639717.75;665205.23;695883.47;748455.86;-855.21;1910.04;-1269705.53;-1334950.19;1445051.81;1543592.8
Intan Jaya;964788.25;1007732.51;7790.65;8496.44;455954.69;476170.01;778873.47;819966.68;-12526.62;-33907.38;-835542.55;-873720.55;1359337.9;1404737.72
Deiyai;1145643.61;1192072.09;5587.88;5886.39;510757.03;523387.12;701547.5;726616.97;-12850.66;-28117.68;-778287.83;-755947.17;1572397.53;1663897.72
Kota Jayapura;16226910.87;17220209.51;3295376.47;3620430.58;14696797.68;15495223.05;16355509.13;17364211.74;-20538.11;1525691.76;-15189170.69;-17428694.27;35364885.34;37797072.36
