,Kabupaten/Kota,Tahun,Pengeluaran Konsumsi Rumah Tangga,Pengeluaran Konsumsi LNPRT,Pengeluaran Konsumsi Pemerintah,Pembentukan Modal Tetap Bruto,Perubahan Inventori,Net Ekspor,PDRB
0,Simeulue,2022,1771882.88,100995.31,832009.1,1092343.9,6197.77,-1115400.61,2688028.35
1,Aceh Singkil,2022,1837939.35,50875.44,917253.61,898634.96,35602.56,-735681.36,3004624.56
2,Aceh Selatan,2022,4135803.3,117098.15,1301141.82,2149461.38,25269.89,-1282256.77,6446517.77
3,Aceh Tenggara,2022,4168534.33,205550.87,1440371.46,1594665.55,162028.39,-1742458.33,5828692.27
4,Aceh Timur,2022,9037578.94,328965.33,1543873.27,4276605.48,250955.59,-2336922.77,13101055.84
5,Aceh Tengah,2022,3721566.7,138418.57,1294573.87,3391856.38,73095.0,253896.88,8873407.4
6,Aceh Barat,2022,4518389.31,236536.51,1380158.42,4260455.47,193233.0,2141386.11,12730158.82
7,Aceh Besar,2022,10283764.34,69932.91,2506703.58,5316038.98,199627.49,-2919203.5,15456863.79
8,Pidie,2022,8315097.51,305399.56,2407935.58,3701562.96,588.46,-2318211.01,12412373.06
9,Bireuen,2022,9806630.47,283252.47,2064186.27,3476180.48,294558.95,-455247.46,15469561.17
10,Aceh Utara,2022,12512766.95,461876.83,2877783.38,7020404.63,133771.17,5303852.43,28310455.4
11,Aceh Barat Daya,2022,2433178.57,69333.87,848430.79,2593921.61,27199.98,-1425709.13,4546355.7
12,Gayo Lues,2022,1538506.33,86908.29,943240.21,1221609.68,70369.09,-784130.14,3076503.46
13,Aceh Tamiang,2022,5343217.09,136863.65,1269968.99,2797665.13,1122.65,884413.97,10433251.5
14,Nagan Raya,2022,3916636.25,192448.99,982405.1,3210040.84,16254.77,2317470.87,10635256.81
15,Aceh Jaya,2022,1562116.37,64541.04,958458.33,1615964.13,34044.04,-1113592.73,3121531.18
16,Bener Meriah,2022,2584472.69,109475.85,947816.2,2406984.78,4325.68,-576902.2,5476173.0
17,Pidie Jaya,2022,2923383.37,169506.37,939907.31,1449224.01,-14314.3,-1487527.95,3980178.81
18,Kota Banda Aceh,2022,12332050.47,350327.37,8005958.49,5042582.41,187667.45,-4358074.9,21560511.29
19,Kota Sabang,2022,886167.54,106219.15,945381.34,1075121.96,84426.48,-1454538.47,1642777.99
20,Kota Langsa,2022,4014067.81,150280.07,1084745.08,2197130.26,139148.22,-1322086.72,6263284.71
21,Kota Lhokseumawe,2022,5130724.0,129865.36,1559578.62,4599354.24,92053.56,-1233950.42,10277625.37
22,Kota Subulussalam,2022,1429635.0,58894.11,645008.85,1153756.8,-8115.06,-914275.72,2364903.99
23,Nias,2022,4048024.0,174966.14,905939.73,1117901.59,15098.38,-1725709.73,4536220.11
24,Mandailing Natal,2022,10501963.0,240386.43,2284506.25,3436534.75,559731.48,-619593.24,16403528.68
25,Tapanuli Selatan,2022,7762968.38,111858.78,1554902.14,6012128.81,209177.16,1400852.95,17051888.23
26,Tapanuli Tengah,2022,7973967.97,241748.42,1040403.3,2189347.1,136834.88,52997.92,11635299.59
27,Tapanuli Utara,2022,6143374.98,455709.37,1357706.0,4036103.98,274914.09,-2622172.96,9645635.46
28,Toba Samosir,2022,4788189.97,145025.84,1177413.79,1902699.92,130267.26,800293.85,8943890.63
29,Labuhan Batu,2022,18938315.87,225507.8,1435249.06,8933086.87,1315866.43,10960982.3,41809008.33
30,Asahan,2022,23775878.88,497886.68,2281804.06,12227401.76,683930.55,7108414.17,46575316.1
31,Simalungun,2022,24275923.98,444679.77,2624058.42,11320627.64,441728.84,8178871.2,47285889.85
32,Dairi,2022,5909303.0,256930.08,1097957.46,2809312.02,248837.64,394604.24,10716944.44
33,Karo,2022,12914535.97,373798.28,2011168.57,7591063.84,1102028.21,-17027.64,23975567.23
34,Deli Serdang,2022,73614136.0,646625.35,4140290.39,40604710.98,1867888.24,6672899.2,127546550.2
35,Langkat,2022,28647843.51,465659.89,3508191.54,11233132.07,1174941.43,6382996.51,51412764.95
36,Nias Selatan,2022,6343654.01,212214.98,2022153.79,2008253.83,469251.81,-3041024.63,8014503.79
37,Humbang Hasundutan,2022,3942146.98,114968.72,1117060.69,1666887.04,40738.06,37683.58,6919485.07
38,Pakpak Bharat,2022,782032.68,13174.11,386486.4,429489.49,7516.74,-225119.96,1393579.46
39,Samosir,2022,3096115.13,122085.72,1021343.54,750009.4,237854.25,-61159.36,5166248.68
40,Serdang Bedagai,2022,17735702.98,355165.59,2672430.16,8271329.52,693187.97,3790169.25,33517985.47
41,Batu Bara,2022,16053158.46,301044.4,1902337.98,7747533.01,978459.85,13884182.56,40866716.26
42,Padang Lawas Utara,2022,8188896.06,173702.49,1130958.25,3335904.4,94900.36,1450934.41,14375295.97
43,Padang Lawas,2022,6560319.97,123467.59,883755.02,3094698.56,66805.51,3857717.76,14586764.41
44,Labuhan Batu Selatan,2022,14220023.89,152189.73,1136128.38,8648718.46,1193404.35,8804350.51,34154815.32
45,Labuhan Batu Utara,2022,13112731.18,234539.65,1288164.36,7489524.09,705115.4,7452423.38,30282498.06
46,Nias Utara,2022,3167683.0,63706.14,823387.09,1280695.6,120309.33,-1282844.24,4172936.92
47,Nias Barat,2022,1628379.0,88408.06,509171.17,590699.41,106022.22,-749950.84,2172729.02
48,Kota Sibolga,2022,3792568.55,116360.17,718268.18,1162502.39,136745.49,413921.69,6340366.47
49,Kota Tanjung Balai,2022,5402957.97,131802.28,941980.86,3150125.45,414772.84,424503.44,10466142.84
50,Kota Pematang Siantar,2022,8650477.68,403430.48,1569889.07,3651173.13,554151.72,379186.06,15208308.14
51,Kota Tebing Tinggi,2022,4735944.97,23592.93,1178814.66,2569990.03,77704.8,-1654780.66,6931266.73
52,Kota Medan,2022,119829752.1,831385.32,10000130.56,111865788.5,2945882.91,34686096.67,280159036.1
53,Kota Binjai,2022,7772184.78,182482.22,759572.71,4302456.44,158341.7,140915.57,13315953.42
54,Kota Padangsidimpuan,2022,4643914.59,245002.12,1273751.44,2713926.45,95480.23,-1587119.75,7384955.08
55,Kota Gunungsitoli,2022,4377789.99,130690.2,553704.34,1926122.17,18794.19,-530272.03,6476828.86
56,Kepulauan Mentawai,2022,2761991.96,45006.82,811539.32,1603409.37,12812.59,210937.94,5445698.0
57,Pesisir Selatan,2022,8603813.91,171484.17,1637915.13,4744732.49,64440.89,1384105.23,16606491.83
58,Solok,2022,8766565.19,132663.15,1488696.14,4895609.82,43629.55,453976.32,15781140.16
59,Sijunjung,2022,5742616.87,81980.87,960130.07,3415750.49,40422.04,427650.93,10668551.27
60,Tanah Datar,2022,8754471.76,180012.69,1591786.17,4652318.27,40228.08,-159559.37,15059257.61
61,Padang Pariaman,2022,12467116.89,249024.32,1773967.38,6717969.85,131496.85,853772.12,22193347.41
62,Agam,2022,13028083.34,250942.13,1643635.71,6945132.6,36341.93,2020200.55,23924336.26
63,Lima Puluh Kota,2022,9812910.71,183874.45,1432655.05,5465024.73,17079.69,989061.16,17900605.78
64,Pasaman,2022,5608827.82,110303.58,1087650.99,3137625.64,50628.01,395541.61,10390577.65
65,Solok Selatan,2022,3561605.92,73245.69,669317.63,1879737.91,12707.46,234121.83,6430736.43
66,Dharmasraya,2022,6811290.13,118079.85,1017321.93,3480907.53,43303.04,762565.9,12233468.38
67,Pasaman Barat,2022,10203841.86,210102.52,1422434.26,5464843.07,86671.24,487932.59,17875825.53
68,Kota Padang,2022,36646836.55,775481.65,8959132.79,20965804.84,172273.35,5459422.54,72978951.71
69,Kota Solok,2022,2453653.3,47432.77,686633.62,1248545.39,9486.61,347401.4,4793153.11
70,Kota Sawah Lunto,2022,2385065.83,46018.5,680562.18,1121978.22,10026.53,146113.65,4389764.91
71,Kota Padang Panjang,2022,2147209.28,43270.02,654849.63,1239215.13,4482.89,-2480.85,4086546.1
72,Kota Bukittinggi,2022,5472803.3,92247.49,1157753.79,2756139.8,27757.36,687318.83,10194020.58
73,Kota Payakumbuh,2022,3762595.54,69108.83,863746.48,1982713.52,27764.34,1544373.24,8250301.95
74,Kota Pariaman,2022,3106007.2,64878.35,696219.75,1593473.64,16550.23,404723.75,5881852.94
75,Kuantan Singingi,2022,17369235.6,189425.89,1398775.7,18156081.8,79270.83,7717013.17,44909802.98
76,Indragiri Hulu,2022,19934382.78,266676.75,1684044.33,19491980.9,75730.37,12731933.86,54184748.98
77,Indragiri Hilir,2022,33574647.2,469389.65,1882024.45,18109678.9,146114.35,28981891.48,83163746.03
78,Pelalawan,2022,17398939.46,211358.76,1348784.19,11469789.74,78901.39,35045434.62,65553208.16
79,Siak,2022,24133870.63,286451.91,2137822.2,25967826.62,79458.86,54389643.63,106995073.8
80,Kampar,2022,42804529.47,539974.8,2718675.98,34538976.4,104324.89,22843089.71,103549571.3
81,Rokan Hulu,2022,27905726.57,369837.06,1362784.04,11418611.34,65413.29,8492003.61,49614375.92
82,Bengkalis,2022,33200131.62,399424.6,3411904.64,31546406.08,101383.47,107313206.6,175972457.0
83,Rokan Hilir,2022,28350119.09,407544.21,1812031.45,9722668.66,52922.59,55739165.43,96084451.44
84,Kepulauan Meranti,2022,8288480.43,164458.74,600787.11,5515811.33,32976.82,10293767.28,24896281.72
85,Kota Pekanbaru,2022,71615481.04,1423751.87,9987650.43,116404123.4,518159.58,-55389896.52,144559269.8
86,Kota Dumai,2022,14400691.97,194676.78,2452593.4,18785813.34,57243.78,9161790.59,45052809.86
87,Kerinci,2022,6355382.51,68890.62,1361965.28,3190099.19,48678.81,1200605.42,12225621.82
88,Merangin,2022,11523906.96,64855.35,1269890.31,4369630.36,66226.71,2989330.14,20283839.83
89,Sarolangun,2022,9829076.45,99166.41,1044327.34,6765722.67,46032.39,2988118.12,20772443.39
90,Batang Hari,2022,9537316.45,79048.5,1240664.61,4568955.19,92992.62,8785308.19,24304285.57
91,Muaro Jambi,2022,12458174.79,127564.64,1824793.23,5197702.48,417925.45,12931860.38,32958020.97
92,Tanjung Jabung Timur,2022,7066911.49,101073.75,1343382.0,4151671.23,175979.93,12767174.71,25606193.11
93,Tanjung Jabung Barat,2022,11382030.6,98216.3,1177481.81,6307243.92,338325.54,30778280.2,50081578.37
94,Tebo,2022,9474353.72,114172.94,1004249.79,4029443.56,93725.61,4982201.56,19698147.19
95,Bungo,2022,11760794.4,121958.34,1255867.75,6371306.82,146849.54,5240449.37,24897226.21
96,Kota Jambi,2022,20755163.69,573814.3,6809512.64,7867741.23,448779.32,-271176.09,36183835.1
97,Kota Sungai Penuh,2022,3871197.85,53719.22,580140.94,2182447.94,160514.8,1831071.35,8679092.1
98,Ogan Komering Ulu,2022,12129585.92,256627.6,1305209.71,6395334.46,60803.07,-2533812.62,17613748.14
99,Ogan Komering Ilir,2022,21891814.73,499484.52,2349736.06,10803020.67,16214.59,-1320927.77,34239342.79
100,Muara Enim,2022,42818263.46,1278373.73,2619454.03,16871074.7,437382.36,49552916.47,113577464.8
101,Lahat,2022,15158832.55,364025.5,3042855.34,6796598.19,30001.34,2442166.03,27834478.95
102,Musi Rawas,2022,15609528.3,292128.74,1803762.67,5361405.12,-441273.5,-283434.5,22342116.84
103,Musi Banyuasin,2022,54185532.2,1444377.67,4185247.03,21686550.54,-6561.5,936393.92,82431539.85
104,Banyu Asin,2022,23147360.32,461651.97,2146624.88,9265384.61,-38904.24,-539351.87,34442765.67
105,Ogan Komering Ulu Selatan,2022,6796102.68,122236.84,1225471.72,3308403.58,-74766.13,-1048950.65,10328498.04
106,Ogan Komering Ulu Timur,2022,12748469.22,217996.87,1652516.16,5934040.68,7949.28,-2728130.19,17832842.01
107,Ogan Ilir,2022,8174958.44,185234.98,1564524.86,3668609.64,-431.32,-341981.5,13250915.1
108,Empat Lawang,2022,3652898.0,99433.3,885014.0,1755594.1,67962.1,-622934.49,5837967.01
109,Penukal Abab Lematang Ilir,2022,5476866.77,149681.54,367031.83,2525331.14,343.27,-324509.61,8194744.93
110,Musi Rawas Utara,2022,6425227.06,117780.65,719246.03,2267265.57,-6921.94,-974083.25,8548514.12
111,Kota Palembang,2022,109142418.7,2283391.29,8528520.79,78932626.78,-219642.08,-19560510.85,179106804.7
112,Kota Prabumulih,2022,5924563.97,144413.3,1060527.51,3466283.19,34566.32,-1421857.01,9208497.28
113,Kota Pagar Alam,2022,2566875.11,64851.87,504251.55,1191595.91,64889.6,-1136535.59,3255928.46
114,Kota Lubuklinggau,2022,4842192.8,125849.55,826151.22,3078065.17,65935.46,-1250347.65,7687846.55
115,Bengkulu Selatan,2022,4078952.67,160914.9,1282221.21,2688119.25,25234.68,-1522641.29,6712801.42
116,Rejang Lebong,2022,6853641.73,205318.92,1284976.03,3859478.71,11903.0,-1222494.57,10992823.83
117,Bengkulu Utara,2022,6196518.58,165392.26,1311969.72,4458794.21,279924.97,-93949.35,12318650.39
118,Kaur,2022,2643866.08,97860.38,829455.19,2547716.72,3610.48,-1895906.23,4226602.61
119,Seluma,2022,3420450.87,76569.73,888920.98,3049460.21,4206.98,-2003109.07,5436499.7
120,Mukomuko,2022,3879643.24,140799.25,871136.63,3525855.71,3512.49,-2203759.33,6217187.99
121,Lebong,2022,2543051.67,124201.58,770825.85,2376340.48,1588.04,-1927090.89,3888916.74
122,Kepahiang,2022,3197740.47,139830.01,782095.08,2320369.66,20592.5,-1299865.54,5160762.18
123,Bengkulu Tengah,2022,3352814.61,71566.8,617604.6,2527842.47,8556.29,-33828.68,6544556.08
124,Kota Bengkulu,2022,16653196.91,733298.92,6643532.94,8294230.85,185211.65,-4419042.31,28090428.96
125,Lampung Barat,2022,6429352.52,225772.1,1336246.48,3063880.1,19630.84,-2795229.1,8279652.93
126,Tanggamus,2022,12945346.88,276520.64,1615877.12,4428387.29,50184.44,-1220576.95,18095739.42
127,Lampung Selatan,2022,28614440.01,708620.78,2140725.85,18107159.77,430822.53,1479005.33,51480774.27
128,Lampung Timur,2022,30265670.38,770223.01,2391552.67,14798609.24,-113177.99,1596982.44,49709859.74
129,Lampung Tengah,2022,43810130.22,1061787.07,2523322.97,27904596.83,26525.51,7127694.72,82454057.32
130,Lampung Utara,2022,16712250.36,857625.86,1725722.43,9008770.58,1335.5,-1260080.8,27045623.94
131,Way Kanan,2022,10291314.79,239489.89,1186047.88,5208678.82,16877.71,-789489.88,16152919.21
132,Tulangbawang,2022,15673289.49,394544.94,1149823.35,9436883.91,55956.54,-727414.13,25983084.09
133,Pesawaran,2022,10816876.96,250072.55,1103133.81,5702620.94,5485.39,723046.22,18601235.86
134,Pringsewu,2022,10932907.93,217340.34,869820.89,3947912.3,266138.42,-3392016.03,12842103.86
135,Mesuji,2022,6883499.36,166779.89,536112.67,3631841.1,2908.74,731847.8,11952989.56
136,Tulang Bawang Barat,2022,8822019.73,163250.25,723376.66,4144408.68,84807.66,-704848.16,13233014.81
137,Pesisir Barat,2022,3717251.65,96188.09,147233.92,1205950.62,7456.69,171287.18,5345368.15
138,Kota Bandar Lampung,2022,41368851.74,1130004.97,11061676.0,22487468.27,225323.93,-8391650.2,67881674.72
139,Kota Metro,2022,5211035.84,137887.37,953943.49,1571266.65,44873.28,-694714.72,7224291.91
140,Bangka,2022,11353641.44,109292.61,1397518.84,3959304.56,19159.96,1119909.35,17958826.77
141,Belitung,2022,6891419.57,90741.77,1271149.33,3271040.42,33898.89,764123.87,12322373.86
142,Bangka Barat,2022,8516736.21,91470.48,955331.21,3240121.69,43667.37,3914116.61,16761443.58
143,Bangka Tengah,2022,7479961.91,89491.09,1256020.16,2956930.89,1890.74,-1261178.7,10523116.08
144,Bangka Selatan,2022,6882479.57,71862.83,853343.74,2840596.83,21316.39,23383.71,10692983.07
145,Belitung Timur,2022,5244550.67,69257.42,1091592.62,2814859.22,42338.21,522008.08,9784606.22
146,Kota Pangkal Pinang,2022,8330264.93,153000.37,2289688.59,4949704.91,12228.73,1542651.7,17277539.23
147,Karimun,2022,9853919.26,154995.77,1627828.03,5711085.09,153392.25,-1946722.97,15554497.43
148,Bintan,2022,12404952.33,29468.25,1794153.78,13571336.0,264505.31,-5068638.19,22995777.49
149,Natuna,2022,4383165.06,13113.63,1990568.05,3722576.26,210663.06,13945343.79,24265429.84
150,Lingga,2022,2897515.0,17670.42,1047277.91,2032992.64,43143.73,-1185989.57,4852610.13
151,Kepulauan Anambas,2022,2622334.6,12347.66,1596956.06,3556764.29,126981.18,11993706.0,19909089.78
152,Kota Batam,2022,77905152.56,434074.61,2500969.55,88855676.85,765977.42,24374406.18,194836257.2
153,Kota Tanjung Pinang,2022,13645987.63,82746.66,4128336.98,9337840.88,335186.77,-5737627.31,21792471.59
154,Kep. Seribu,2022,3141347.33,952448.16,566348.58,395685.73,70001.36,5000498.46,10126329.62
155,Kota Jakarta Selatan,2022,477421693.0,17420075.68,141006959.6,242228607.4,2338104.28,-149720219.7,730695220.2
156,Kota Jakarta Timur,2022,479639336.8,13310471.87,23642445.58,181484355.0,3107875.61,-154102189.7,547082295.2
157,Kota Jakarta Pusat,2022,185528394.4,8481895.89,218361703.1,217171509.1,1713304.0,164137991.4,795394797.9
158,Kota Jakarta Barat,2022,453471625.3,11175135.31,19454354.73,235134773.4,2247099.34,-180729684.7,540753303.4
159,Kota Jakarta Utara,2022,361189421.6,15286626.14,19577321.72,236545012.5,3163717.44,-47969934.87,587792164.5
160,Bogor,2022,177653720.9,1543190.8,7699787.08,56272493.69,-506382.23,25080882.82,267743693.1
161,Sukabumi,2022,49146331.52,378123.06,3992457.34,21272677.97,118194.77,1335880.68,76243665.35
162,Cianjur,2022,40391162.7,121047.3,3341266.1,13076020.87,127397.71,-3067924.04,53988970.65
163,Bandung,2022,112574114.8,648083.54,5767222.0,27035801.15,612365.38,-3635518.36,143002068.5
164,Garut,2022,52281101.29,349445.89,4523416.7,16379255.06,59337.26,-7001936.22,66590619.98
165,Tasikmalaya,2022,35532309.68,648100.2,3465815.59,8519667.67,74211.59,-5580601.95,42659502.77
166,Ciamis,2022,25258728.25,415312.85,2953819.9,8620439.98,28234.85,-502821.27,36773714.56
167,Kuningan,2022,23999637.67,680821.22,3202604.51,7183573.13,33281.91,-5580087.18,29519831.26
168,Cirebon,2022,50703324.89,1045533.8,3734371.19,16430181.37,117076.84,-15376845.54,56653642.54
169,Majalengka,2022,26304956.16,207877.77,3000815.04,12639161.03,32871.79,-4408569.18,37777112.62
170,Sumedang,2022,27355149.95,577743.02,3383237.75,9601356.84,58491.97,-950966.14,40025013.39
171,Indramayu,2022,39286757.76,267691.92,3511783.37,15770083.19,132769.79,31804298.4,90773384.43
172,Subang,2022,33104429.62,346060.64,3852957.46,12029784.51,63291.21,-3236127.44,46160396.01
173,Purwakarta,2022,39675989.1,287962.84,2748793.78,17527284.65,75227.95,16162292.24,76477550.56
174,Karawang,2022,102334306.5,506417.68,5303622.05,43734225.51,161712.91,116188501.6,268228786.3
175,Bekasi,2022,146138064.3,566711.55,5496350.28,79217230.06,48870.44,136094805.4,367562032.0
176,Bandung Barat,2022,35585571.86,486475.1,3080695.8,11216886.76,58649.76,2493011.77,52921291.06
177,Pangandaran,2022,7372135.71,100273.31,1101466.66,2924111.57,17050.83,1648657.59,13163695.66
178,Kota Bogor,2022,52212386.19,860783.64,4996676.26,17441678.6,-18399.42,-22578526.83,52914598.44
179,Kota Sukabumi,2022,11406853.39,626530.73,1506404.95,2218414.57,-6370.6,-1559578.99,14192254.06
180,Kota Bandung,2022,193618697.7,1896473.02,32273005.92,81615313.39,1528245.02,17219708.02,328151443.0
181,Kota Cirebon,2022,14900800.97,509865.66,2863061.01,6566128.56,-576708.36,2354694.15,26617841.99
182,Kota Bekasi,2022,121706698.9,355716.19,4862804.0,37125993.0,206004.0,-54375840.0,109881376.1
183,Kota Depok,2022,101824409.6,886174.61,2914559.27,43144948.54,62824.23,-67666169.51,81166746.76
184,Kota Cimahi,2022,26687424.36,84474.2,1931943.56,12216522.6,34659.64,-3416814.58,37538209.79
185,Kota Tasikmalaya,2022,17441150.72,552783.74,2562706.84,8072080.54,-54325.2,-3599718.98,24974677.66
186,Kota Banjar,2022,4259668.57,60200.77,1175610.4,1567254.08,5522.69,-2138873.27,4929383.24
187,Cilacap,2022,50313051.83,658789.44,3293316.1,25459983.7,511035.6,40785621.11,121021797.8
188,Banyumas,2022,40373708.75,749918.15,4694908.76,22796290.3,294519.72,-6092042.57,62817303.11
189,Purbalingga,2022,20271871.02,456451.69,1765288.21,5836779.25,891702.14,-398469.54,28823622.77
190,Banjarnegara,2022,19105117.06,493226.96,1839696.61,5507088.12,94271.26,-2042918.27,24996481.74
191,Kebumen,2022,23821151.96,598119.65,2606719.49,6401952.77,721891.31,-1535190.48,32614644.7
192,Purworejo,2022,16593371.67,435731.7,1971009.07,5633866.99,284556.81,-3565991.28,21352544.96
193,Wonosobo,2022,16593224.14,429285.4,1562140.78,4113375.94,375826.88,-1486624.29,21587228.85
194,Magelang,2022,26095885.15,732361.22,2655332.97,10422945.08,458242.61,-2933158.01,37431609.02
195,Boyolali,2022,28849630.68,610397.35,2317268.84,7889924.42,430736.0,-1309023.17,38788934.12
196,Klaten,2022,34912143.72,769187.86,2840222.75,10024273.93,273894.09,-2228113.64,46591608.71
197,Sukoharjo,2022,29021652.47,523320.56,2027175.77,9744968.86,135864.85,1327645.7,42780628.21
198,Wonogiri,2022,23859825.48,748191.93,2313537.03,6969740.64,167764.1,-366861.16,33692198.02
199,Karanganyar,2022,29498661.99,578063.68,2046840.21,9844231.27,859906.17,260056.96,43087760.28
200,Sragen,2022,30248645.85,565012.69,2389378.07,10284491.25,797818.88,-42470.73,44242876.01
201,Grobogan,2022,26188114.26,596304.75,2515580.13,5260865.14,55910.13,-2809881.76,31806892.65
202,Blora,2022,19521811.85,437547.4,2229048.39,3493491.51,114136.33,5163903.45,30959938.93
203,Rembang,2022,15909115.87,349148.35,1630196.49,5067279.05,888437.92,-1736968.44,22107209.24
204,Pati,2022,35989444.13,640161.34,2875181.0,11568342.87,538535.48,-1492347.72,50119317.1
205,Kudus,2022,32167335.6,402175.3,2127431.02,16227273.76,1350588.26,62290101.44,114564905.4
206,Jepara,2022,30305809.84,615053.56,2366463.58,13395849.58,250178.82,-11922280.02,35011075.36
207,Demak,2022,23083717.68,530400.94,2354988.72,8580563.72,284920.17,-4582117.39,30252473.85
208,Semarang,2022,33191387.65,611647.8,3446912.99,22700247.6,528376.72,-3838449.91,56640122.85
209,Temanggung,2022,17669397.75,450045.54,1633114.87,4165232.83,997043.04,-188391.31,24726442.72
210,Kendal,2022,28699311.03,503399.92,2170482.31,13443359.45,511240.83,4338523.68,49666317.22
211,Batang,2022,17857508.26,410823.63,1584128.07,6810506.03,500782.76,-1720200.73,25443548.01
212,Pekalongan,2022,19711309.05,463328.61,1889415.44,6061161.91,516878.67,-2680304.75,25961788.93
213,Pemalang,2022,23715081.73,541032.74,2207563.44,4011090.9,149274.66,-708630.79,29915412.68
214,Tegal,2022,33240985.36,614255.94,2412376.56,9573487.6,358223.35,-5429002.65,40770326.16
215,Brebes,2022,40675240.63,736292.18,2780640.16,6923766.61,177729.39,2415182.8,53708851.77
216,Kota Magelang,2022,5666977.9,139621.66,1620887.38,4929933.22,107746.53,-2391682.12,10073484.58
217,Kota Surakarta,2022,27946066.7,350155.74,4844606.13,36492324.39,379819.87,-14164424.42,55848548.41
218,Kota Salatiga,2022,9692940.85,161685.33,1317763.29,6768220.67,149819.45,-2709871.51,15380558.08
219,Kota Semarang,2022,91998445.98,1779689.72,24079744.06,140177366.7,1233897.46,-31894934.35,227374209.6
220,Kota Pekalongan,2022,8292361.84,166862.44,1034476.83,4725271.11,38108.95,-1666097.75,12590983.42
221,Kota Tegal,2022,9087506.65,150459.21,1382388.73,7827700.9,87645.43,-855787.79,17679913.13
222,Kulon Progo,2022,8163651.69,417119.43,1927395.48,7367945.73,56463.35,-3617195.18,14315380.5
223,Bantul,2022,21934069.21,945048.5,3828537.0,7875342.49,221978.07,-3622382.76,31182592.52
224,Gunung Kidul,2022,15036693.17,270112.1,3369796.33,6767048.31,239927.89,-2934744.09,22748833.71
225,Sleman,2022,33888203.31,1066383.67,7159192.64,20839558.38,821277.91,-9072153.34,54702462.58
226,Kota Yogyakarta,2022,23206877.42,2117541.24,7926065.62,10918786.1,474348.64,-2019865.1,42623753.92
227,Pacitan,2022,13745870.45,384764.15,1511175.65,7769348.65,23922.37,-5448613.69,17986467.59
228,Ponorogo,2022,16531843.37,573194.93,2129176.04,6389219.88,18977.01,-2614162.41,23028248.81
229,Trenggalek,2022,14600141.0,845728.17,1871428.57,3857733.79,9229.99,-301949.63,20882311.9
230,Tulungagung,2022,30714035.62,739199.87,2670345.59,12427985.02,35852.77,-2453943.17,44133475.7
231,Blitar,2022,28507979.69,879301.41,2765712.29,11483216.58,25328.2,-2282228.6,41379309.56
232,Kediri,2022,34069687.4,1133472.47,2938345.7,15255751.36,261205.76,-7008431.71,46650030.99
233,Malang,2022,76232252.65,2961540.12,4102769.4,37289678.74,102791.34,-3267001.91,117422030.3
234,Lumajang,2022,25735439.4,427866.49,1911056.63,7860130.63,759172.91,-29938.45,36663727.61
235,Jember,2022,61186848.8,1649395.75,3614249.62,16246460.24,2079542.81,3253948.89,88030446.11
236,Banyuwangi,2022,61700098.15,1466008.54,5613086.21,28964315.72,252640.95,-4717204.49,93278945.07
237,Bondowoso,2022,17261338.16,415757.51,1768863.76,6103708.59,141955.99,-2789768.75,22901855.26
238,Situbondo,2022,16468490.74,311338.93,1967018.44,5267523.73,98401.81,-984129.57,23128644.07
239,Probolinggo,2022,27124817.98,373640.18,2066030.66,10441742.24,102005.07,-1175457.07,38932779.06
240,Pasuruan,2022,102005588.0,1197991.93,2851005.06,52715816.52,1072272.63,12811498.1,172654172.2
241,Sidoarjo,2022,134500816.6,2723492.63,14163625.03,73376621.72,1361483.84,19101420.84,245227460.6
242,Mojokerto,2022,52976287.21,1135176.96,2139931.27,26498533.2,1034720.19,12013460.61,95798109.45
243,Jombang,2022,34345295.44,1193111.55,2831958.28,14529638.64,543500.19,-7507834.09,45935670.03
244,Nganjuk,2022,22345722.98,462296.4,2205349.86,8894065.82,596435.43,-3684122.21,30819748.28
245,Madiun,2022,15968519.6,435733.26,1732762.39,7392739.63,241144.79,-3911519.49,21859380.17
246,Magetan,2022,15803886.92,259171.24,1861785.41,4907325.75,73513.67,-1710941.85,21194741.15
247,Ngawi,2022,16570935.57,257910.67,2055876.62,5015726.63,46099.91,-1491596.55,22454952.86
248,Bojonegoro,2022,36863344.19,298286.03,2465661.89,18436398.82,204132.84,42225066.44,100492890.2
249,Tuban,2022,39817845.52,612679.43,2714469.28,27992008.29,366556.25,3684095.25,75187654.03
250,Lamongan,2022,32597852.55,1087100.7,2637510.15,14036110.86,117278.91,-5034805.93,45441047.25
251,Gresik,2022,96864684.63,1122279.9,3326720.16,39489564.97,3874354.54,19230308.13,163907912.3
252,Bangkalan,2022,18684585.18,296520.16,1933346.58,8752174.17,364315.97,-2866745.3,27164196.76
253,Sampang,2022,15154115.47,362286.73,1847480.87,6436473.62,5094.15,-796137.28,23009313.55
254,Pamekasan,2022,13614200.56,280034.61,2048606.83,5796022.46,137687.77,-2613201.72,19263350.51
255,Sumenep,2022,28204596.87,356388.31,2486508.54,9688213.66,2047.41,-482431.95,40255322.84
256,Kota Kediri,2022,26297106.99,306338.1,1576242.87,23759072.73,2775191.99,98064357.69,152778310.4
257,Kota Blitar,2022,5273458.04,86608.56,1525900.45,1547346.66,3222.84,-602597.07,7833939.5
258,Kota Malang,2022,57320623.93,457130.93,2279983.98,27923899.42,665843.84,-3840050.03,84807432.08
259,Kota Probolinggo,2022,9474454.79,240949.83,1176330.55,2464306.48,15865.04,-440525.82,12931380.88
260,Kota Pasuruan,2022,6736407.23,258294.84,1001311.59,1981432.96,2090.49,-526712.64,9452824.46
261,Kota Mojokerto,2022,5457401.42,69224.88,1042001.28,2622362.96,332.04,-1554298.51,7637024.08
262,Kota Madiun,2022,11579734.71,186744.94,1174887.44,3290916.45,243544.9,-657215.91,15818612.53
263,Kota Surabaya,2022,389270439.9,5420343.86,22703889.72,175556566.1,6707268.56,55957713.46,655616221.6
264,Kota Batu,2022,12276308.48,436897.08,1281822.45,5819130.42,861.65,-1227418.14,18587601.95
265,Pandeglang,2022,21578380.04,520576.74,2521864.33,2486471.94,407.98,4968834.3,32076535.32
266,Lebak,2022,24265993.15,567239.38,2442340.85,2030980.63,8.86,4167961.14,33474524.0
267,Tangerang,2022,82012475.55,749881.39,5339166.2,40717192.1,300.11,31348167.81,160167183.2
268,Serang,2022,48061346.86,534677.74,2429789.85,34949500.02,792.17,2007026.27,87983132.91
269,Kota Tangerang,2022,106624436.7,452587.26,3727851.56,63977581.0,2482.95,7624249.35,182409188.9
270,Kota Cilegon,2022,24474419.31,66943.72,1792629.77,53813001.69,31125.88,40588708.94,120766829.3
271,Kota Serang,2022,25431946.35,120656.89,11055370.31,13131678.63,360.91,-13016173.01,36723840.08
272,Kota Tangerang Selatan,2022,67847062.07,187124.78,1417205.08,45937287.67,11407.88,-19263204.9,96136882.58
273,Jembrana,2022,8082704.44,264928.69,1692991.47,3613577.34,53730.86,824322.93,14532255.74
274,Tabanan,2022,14092446.81,412981.4,2620790.29,4545684.95,27023.99,1982370.48,23681297.92
275,Badung,2022,27451962.4,378308.12,4255657.96,20641999.88,167781.74,2394290.07,55290000.16
276,Gianyar,2022,15829115.52,303124.07,2155650.53,9813905.92,43840.44,-201430.72,27944205.76
277,Klungkung,2022,5265824.5,153947.88,1478468.85,2824544.07,21984.36,-534561.11,9210208.54
278,Bangli,2022,4616013.79,138428.22,1320141.5,2735260.18,21386.54,-1493239.91,7337990.33
279,Karangasem,2022,10847914.24,373944.68,1726490.01,2545743.46,42190.04,2133208.92,17669491.36
280,Buleleng,2022,19613949.37,716552.04,3526686.12,8485075.35,57301.43,3405719.87,35805284.19
281,Kota Denpasar,2022,27947555.1,955055.37,8102755.02,17789851.05,114636.29,-276025.63,54633827.19
282,Lombok Barat,2022,12439816.26,358708.22,2470172.52,5961313.79,32676.07,-4700841.48,16561845.38
283,Lombok Tengah,2022,13791711.9,238874.41,2514570.52,9512912.61,24149.01,-6838888.11,19243330.35
284,Lombok Timur,2022,16751915.12,709114.39,3367310.77,8260441.59,82210.13,-6571231.37,22599760.63
285,Sumbawa,2022,11299409.56,232355.86,2139509.22,6419937.09,44609.43,-4028103.85,16107717.31
286,Dompu,2022,5337516.48,124391.07,1854032.87,3025305.98,16650.78,-2531900.16,7825997.01
287,Bima,2022,8728535.88,201402.75,2393768.35,4753742.11,28166.95,-3371362.29,12734253.74
288,Sumbawa Barat,2022,3878948.55,154215.2,1453929.1,5587656.4,76112.17,20361632.96,31512494.38
289,Lombok Utara,2022,3874265.92,72884.49,1378277.34,1993549.74,15843.47,-2283840.7,5050980.27
290,Kota Mataram,2022,13114699.5,297666.79,3218927.46,7823532.07,26561.62,-3299123.9,21182263.55
291,Kota Bima,2022,2996158.51,91953.09,1509409.85,1539357.99,-3035.12,-1559231.45,4574612.88
292,Sumba Barat,2022,1913693.58,85593.52,804948.71,938201.44,60019.01,-1219128.1,2583328.17
293,Sumba Timur,2022,3994042.35,238125.48,1502937.11,2808455.39,72462.88,-1786479.03,6829544.18
294,Kupang,2022,4341668.64,240021.05,1798304.41,3120101.23,4053.08,-1020801.78,8483346.63
295,Timor Tengah Selatan,2022,6241271.56,173499.21,1392930.8,2967593.87,90022.34,-2054930.21,8810387.57
296,Timor Tengah Utara,2022,3282753.98,172472.0,854073.91,2114283.63,75352.68,-2005517.02,4493419.17
297,Belu,2022,3416288.96,101450.88,1077348.06,1986996.19,110497.46,-1656993.07,5035588.48
298,Alor,2022,2485714.7,106810.64,1242245.96,1522863.11,30016.6,-2024173.77,3363477.23
299,Lembata,2022,1515789.87,66998.36,844730.54,567548.19,10819.8,-989362.01,2016524.74
300,Flores Timur,2022,4237268.25,203679.0,1391586.57,1473997.84,21029.8,-1684185.29,5643376.17
301,Sikka,2022,4349370.13,178110.8,1247315.28,2542944.72,33527.26,-2648382.99,5702885.2
302,Ende,2022,4474241.97,179895.66,1250416.35,3559705.03,62875.34,-2734517.43,6792616.92
303,Ngada,2022,2487564.8,117144.64,802704.82,1048458.51,141517.15,-778004.31,3819385.61
304,Manggarai,2022,3415902.42,226445.8,1297168.82,2229015.04,58303.81,-2129567.13,5097268.76
305,Rote Ndao,2022,2080076.24,126676.08,938805.65,1143234.86,57041.67,-828828.63,3517005.87
306,Manggarai Barat,2022,3421988.02,67296.82,968693.19,2578876.78,27755.12,-3180997.78,3883612.14
307,Sumba Tengah,2022,966251.13,50362.59,590978.21,566517.22,23285.31,-894002.18,1303392.28
308,Sumba Barat Daya,2022,3250072.76,181899.33,911473.44,1271302.17,22977.93,-1461398.24,4176327.4
309,Nagekeo,2022,1856560.04,182025.86,1034447.99,837666.73,34670.3,-1458230.69,2487140.23
310,Manggarai Timur,2022,2736049.38,52279.16,1041696.05,1366673.2,27984.5,-1575001.27,3649681.02
311,Sabu Raijua,2022,919434.3,48847.63,396634.37,639072.55,0.1,-458248.9,1545740.05
312,Malaka,2022,2531666.47,74442.35,955978.71,1644855.18,37424.55,-2100067.7,3144299.56
313,Kota Kupang,2022,18497672.9,1090448.67,4579197.87,16968353.14,167034.85,-15103157.17,26199550.26
314,Sambas,2022,13000691.98,264616.26,2106593.49,5932813.91,457939.61,2660252.9,24422908.15
315,Bengkayang,2022,5846023.03,187490.68,1260814.55,3185563.41,24376.35,-179761.61,10324506.41
316,Landak,2022,6752606.53,161276.82,1741856.11,3060366.16,816950.37,242808.65,12775864.64
317,Mempawah,2022,5807149.27,38084.1,1627856.75,2461314.97,4548.57,16666.2,9955619.85
318,Sanggau,2022,12884907.25,268286.24,2106267.7,7661602.7,248199.69,677795.36,23847058.94
319,Ketapang,2022,13841398.22,242780.21,2265283.91,10068939.76,-106923.66,8002508.56,34313987.0
320,Sintang,2022,8677090.08,198738.08,2110261.61,5583910.56,1260988.96,-500584.89,17330404.4
321,Kapuas Hulu,2022,6427409.98,40179.58,1803193.22,3438307.68,577048.75,-99038.37,12187100.86
322,Sekadau,2022,4129736.3,91376.62,1037518.43,2274036.04,477873.02,-126414.65,7884125.76
323,Melawi,2022,3681685.75,87243.32,1355925.4,1753404.23,8548.92,-710266.77,6176540.85
324,Kayong Utara,2022,2682686.17,70566.43,954267.92,1402867.17,12367.13,-142013.28,4980741.54
325,Kubu Raya,2022,16362635.33,625421.16,1769074.33,12267359.35,821672.24,3362622.23,35208784.64
326,Kota Pontianak,2022,20181411.96,483623.83,4427209.86,12675467.95,-779208.48,7331805.39,44320310.5
327,Kota Singkawang,2022,5913915.27,352089.41,1434963.4,4291868.14,-35139.26,-35578.04,11922118.93
328,Kotawaringin Barat,2022,7984864.66,262064.24,1480964.28,10427739.75,22871.77,6086559.29,26265063.99
329,Kotawaringin Timur,2022,11405421.07,310429.8,1897948.13,11832017.37,198706.19,7713407.93,33357930.49
330,Kapuas,2022,8552258.0,362299.0,1786468.0,7371467.07,126897.0,4795546.56,22994935.62
331,Barito Selatan,2022,3518165.21,304875.0,1051492.68,3547342.53,170695.02,-460943.46,8131626.99
332,Barito Utara,2022,4636921.93,236550.39,1133672.95,4851159.9,146116.62,3293220.67,14297642.46
333,Sukamara,2022,1534729.81,78938.54,608736.9,2065127.16,192.32,1172263.41,5459988.14
334,Lamandau,2022,2071371.95,49242.17,753855.98,2811511.69,41548.47,1588410.53,7315940.79
335,Seruyan,2022,4233117.74,75299.67,816972.19,3903600.7,31149.29,1748572.24,10808711.83
336,Katingan,2022,5160128.2,132482.15,1588798.14,4242792.54,1824.4,-1160432.37,9965593.06
337,Pulang Pisau,2022,2999039.67,69541.86,1168272.52,2895561.24,-5829.9,-661826.74,6464758.66
338,Gunung Mas,2022,3754521.45,135297.35,1059658.99,3685134.52,178489.79,-677839.78,8135262.31
339,Barito Timur,2022,3177948.63,68498.72,1203889.32,3188372.98,140587.18,3168765.2,10948062.03
340,Murung Raya,2022,3673554.92,64702.42,1419094.47,3406588.71,108053.11,4326620.45,12998614.08
341,Kota Palangka Raya,2022,9050721.45,552948.73,6909863.1,7765710.37,264531.67,-2588900.57,21954874.76
342,Tanah Laut,2022,7472200.64,185719.51,1544704.11,3506421.93,-41031.68,6354354.39,19022368.89
343,Kota Baru,2022,7934551.8,171454.59,2261934.64,5171836.54,-67072.85,17793546.32,33266251.04
344,Banjar,2022,13214047.45,191682.67,2375666.27,6031452.44,-12509.51,-729114.61,21071224.71
345,Barito Kuala,2022,6878183.21,159966.93,1403571.11,3041337.2,-30621.18,-1584564.1,9867873.16
346,Tapin,2022,4519927.36,161912.72,1511424.74,2133021.64,-3769.99,4448738.57,12771255.04
347,Hulu Sungai Selatan,2022,5551207.3,144036.65,1446898.19,2246151.57,-21112.37,-925176.52,8442004.82
348,Hulu Sungai Tengah,2022,6001181.06,148677.88,1451664.8,2415093.91,-12425.03,-2056601.69,7947590.92
349,Hulu Sungai Utara,2022,5005459.79,142983.55,1327858.69,1595154.38,-50.86,-2400638.61,5670766.95
350,Tabalong,2022,6146343.86,145647.83,1792346.68,3314917.27,-140043.09,17913080.2,29172292.76
351,Tanah Bumbu,2022,7788883.13,153828.88,1686982.03,3874506.76,-240872.52,18346657.1,31609985.38
352,Balangan,2022,2949426.58,121534.89,1179704.66,2809278.03,-29909.99,12817808.02,19847842.19
353,Kota Banjarmasin,2022,23611462.43,250931.33,4021138.79,10882401.57,-225869.99,-41692.32,38498371.81
354,Kota Banjar Baru,2022,5664601.46,224639.9,2598339.04,4553488.43,-40551.21,-1214133.72,11786383.91
355,Paser,2022,7257828.64,90010.42,1865995.15,10300333.31,13959.82,56734327.99,76262455.33
356,Kutai Barat,2022,5181230.72,299698.89,2450231.44,11775095.49,8097.43,23695907.28,43410261.26
357,Kutai Kartanegara,2022,21153840.61,634487.36,5190140.07,73278645.65,23407.49,140112068.6,240392589.8
358,Kutai Timur,2022,9392886.55,347730.09,2918661.35,29381605.16,82933.42,168977667.1,211101483.7
359,Berau,2022,5269850.17,404338.29,1656311.51,8782076.82,4701.9,44040878.36,60158157.05
360,Penajam Paser Utara,2022,4509643.54,68119.07,1375155.97,7184499.33,10028.16,-18490.9,13128955.18
361,Mahakam Ulu,2022,774117.3,30631.15,401677.11,915460.61,1776.07,1045631.04,3169293.29
362,Kota Balikpapan,2022,29977207.72,659624.69,3902891.36,48021884.94,70523.39,44739402.29,127371534.4
363,Kota Samarinda,2022,36529541.94,809669.84,10945118.83,35336390.7,181123.66,-448152.03,83353692.94
364,Kota Bontang,2022,6530465.3,349277.66,1220540.69,8831619.5,12607.1,46163367.12,63107877.37
365,Malinau,2022,2664589.05,130932.91,1700936.87,4375169.66,89285.87,8625680.1,17586594.45
366,Bulungan,2022,3937548.08,156245.16,2411208.54,11140531.51,28142.16,6565124.88,24238800.33
367,Tana Tidung,2022,524269.44,86920.0,770795.01,2230030.71,38159.0,4975554.45,8625728.61
368,Nunukan,2022,4539911.57,98926.93,1376325.17,6919412.34,37070.14,27179047.02,40150693.17
369,Kota Tarakan,2022,6203347.61,364127.35,1667581.52,9251501.02,159523.59,29841980.25,47488061.34
370,Bolaang Mongondow,2022,4363145.34,92665.7,1279444.44,2666818.88,360.84,1374307.99,9776743.18
371,Minahasa,2022,8299237.93,997037.0,1496018.94,8403497.84,174.43,1173137.77,20369103.9
372,Kepulauan Sangihe,2022,2622733.99,81409.33,1069341.33,1497323.07,1813.17,-49506.49,5223114.39
373,Kepulauan Talaud,2022,1784955.79,50629.26,696478.01,835017.43,1142.54,-736968.55,2631254.5
374,Minahasa Selatan,2022,4896130.43,386601.82,1183686.44,3885649.94,1280.52,173504.2,10526853.35
375,Minahasa Utara,2022,6887840.0,289162.02,938183.62,7645721.41,246.24,1464908.97,17226062.26
376,Bolaang Mongondow Utara,2022,1445182.59,44849.32,565215.19,798534.46,278.76,128156.73,2982217.05
377,Siau Tagulandang Biaro,2022,1763445.1,187070.54,913569.25,829050.86,153.18,-836889.82,2856399.1
378,Minahasa Tenggara,2022,3274306.07,189670.62,692776.66,2742599.45,90.39,-752058.41,6147384.78
379,Bolaang Mongondow Selatan,2022,1242244.99,30340.14,380636.79,626707.15,29.33,223557.24,2503515.64
380,Bolaang Mongondow Timur,2022,1726064.37,34328.41,616813.67,677015.81,263.79,478455.12,3532941.18
381,Kota Manado,2022,17426426.89,685903.27,4420323.33,15223752.3,215.56,6163815.2,43920436.56
382,Kota Bitung,2022,7485106.65,268969.04,1536180.44,5595030.14,2796.78,5732176.74,20620259.81
383,Kota Tomohon,2022,2640380.3,66953.5,780756.46,2818420.09,1094.32,-1273259.44,5034345.22
384,Kota Kotamobagu,2022,2698915.19,73939.83,733865.27,1284125.84,330.07,-378518.55,4412657.65
385,Banggai Kepulauan,2022,2841866.37,45416.02,703771.31,706137.67,314.7,271284.97,4568791.04
386,Banggai,2022,12371469.96,567337.55,3212147.98,8708113.29,238067.84,15668997.87,40766134.49
387,Morowali,2022,6486829.74,149502.47,865793.15,66841495.83,522428.46,71906418.78,146772468.4
388,Poso,2022,6226459.81,185846.2,2107347.93,4953332.65,62401.85,-2644036.68,10891351.76
389,Donggala,2022,7489134.0,200586.0,1776956.0,4965494.0,152039.78,-803358.95,13780850.83
390,Toli-Toli,2022,5290343.41,118058.41,1442184.88,3294131.83,179918.86,-627372.52,9697264.87
391,Buol,2022,3691833.61,80945.33,1159958.46,2412998.2,9257.75,-642355.66,6712637.69
392,Parigi Moutong,2022,12088807.81,1147670.84,2351858.03,10246909.74,26805.83,-5800555.62,20061496.63
393,Tojo Una-Una,2022,3564536.74,103082.52,1347759.14,1778819.61,27516.05,-445223.49,6376490.57
394,Sigi,2022,6048475.77,283203.75,1564656.16,4872310.23,13222.26,-2182330.05,10599538.12
395,Banggai Laut,2022,2109919.99,26853.43,505665.88,355540.99,89592.14,-284012.12,2803560.31
396,Morowali Utara,2022,5877736.59,111851.76,1064592.53,17071185.64,169620.8,-3213449.02,21081538.3
397,Kota Palu,2022,16427276.34,968209.49,3954026.18,13613694.51,230586.03,-6748648.93,28445143.62
398,Kepulauan Selayar,2022,3797582.96,90342.92,1066325.96,3309728.15,14626.12,-798136.23,7480469.86
399,Bulukumba,2022,10637758.26,208020.12,1798191.46,4786090.45,20910.93,-217659.99,17233311.24
400,Bantaeng,2022,5759505.59,212272.59,1269880.67,5794570.12,39974.71,-912059.19,12164144.5
401,Jeneponto,2022,7935760.2,291493.31,1460343.62,4511302.58,15093.74,-2434168.32,11779825.13
402,Takalar,2022,7463602.68,214080.04,1447380.99,2643144.09,198699.57,290146.21,12257053.58
403,Gowa,2022,15346160.66,480437.06,2597605.37,7962656.42,26107.98,-801114.48,25611853.02
404,Sinjai,2022,7308342.13,153631.59,1235433.34,5148220.37,10034.68,-325292.82,13530369.3
405,Maros,2022,12715083.63,360286.31,1818050.65,6498136.87,14730.53,2138015.32,23544303.31
406,Pangkajene dan Kepulauan,2022,12810458.74,351344.59,1509085.21,4975939.13,109086.83,10725942.84,30481857.34
407,Barru,2022,5298780.51,59348.35,1059832.59,4124705.13,20104.84,-1684404.78,8878366.64
408,Bone,2022,24280839.09,475217.41,4004112.89,15225430.69,12519.29,-357275.38,43640843.99
409,Soppeng,2022,7167122.81,182382.92,1243156.32,5595583.99,26107.87,-472517.81,13741836.11
410,Wajo,2022,15021263.02,322259.15,1466280.3,6915595.76,156759.81,470620.88,24352778.91
411,Sidenreng Rappang,2022,9517539.24,302121.17,1479708.26,6670587.49,-1154.55,-1269806.41,16698995.21
412,Pinrang,2022,13520859.63,207478.6,1735539.74,8375759.19,187123.79,-261614.69,23765146.26
413,Enrekang,2022,5193818.99,113653.41,1290347.72,3350252.07,58212.78,-980976.75,9025308.21
414,Luwu,2022,10836694.26,203185.05,1574867.0,7048956.51,433207.03,-115937.66,19980972.19
415,Tana Toraja,2022,5281889.57,168657.64,1217797.47,2810941.16,6461.1,-728305.32,8757441.62
416,Luwu Utara,2022,9117939.09,184548.82,1559350.74,4754097.95,3043.24,431763.58,16050743.43
417,Luwu Timur,2022,10847477.33,272908.86,1233349.23,7804713.23,-50154.54,8302111.71,28410405.82
418,Toraja Utara,2022,6511029.68,319348.49,1528912.1,4019763.0,175595.4,-1243342.83,11311305.84
419,Kota Makasar,2022,103621568.1,3687209.83,16392855.07,99426442.26,280424.6,-14472707.59,208935792.3
420,Kota Parepare,2022,4581752.36,52724.88,1216616.66,3449273.55,5947.73,-609038.09,8697277.09
421,Kota Palopo,2022,5410633.65,142114.7,1362565.4,3913041.8,4354.89,-1064815.58,9767894.85
422,Buton,2022,2401131.9,57577.61,609603.67,1563312.54,1402.79,-41082.87,4591945.64
423,Muna,2022,5152793.77,85277.19,1359900.29,2808810.77,283307.8,-1428699.49,8261390.33
424,Konawe,2022,6264425.06,125734.73,1410945.45,3526715.7,3077.14,2938649.39,14269547.47
425,Kolaka,2022,7169794.26,182552.17,1142091.5,13803186.36,4392.25,9095181.77,31397198.32
426,Konawe Selatan,2022,7786917.9,217100.79,1441028.62,4999174.1,44497.64,47782.39,14536501.44
427,Bombana,2022,3832979.78,94601.8,784457.48,2425338.31,53694.51,589223.93,7780295.81
428,Wakatobi,2022,2430815.0,85471.73,1042322.96,1512373.7,242711.58,-72867.35,5240827.63
429,Kolaka Utara,2022,4475021.23,83257.09,773170.65,3954117.74,18323.7,792107.62,10095998.03
430,Buton Utara,2022,1619056.0,30289.88,687232.58,1507721.19,8126.0,-50848.01,3801577.64
431,Konawe Utara,2022,1641061.09,63521.54,562782.25,1263924.9,1526.08,1266432.25,4799248.1
432,Kolaka Timur,2022,3364377.0,43062.1,494403.99,1941433.73,47280.9,-616878.07,5273679.65
433,Konawe Kepulauan,2022,847417.14,18687.37,475932.69,508325.09,1486.7,-272403.35,1579445.65
434,Muna Barat,2022,2609332.58,36837.12,453688.32,1382146.24,48539.66,-1460543.07,3070000.85
435,Buton Tengah,2022,1619673.49,31279.96,343021.36,1102451.96,1071.0,-303343.8,2794153.98
436,Buton Selatan,2022,1882348.5,37508.63,405466.09,1278274.66,1348.4,-290844.01,3314102.26
437,Kota Kendari,2022,14237772.14,241365.25,6580617.93,10693960.55,-38614.36,-5259154.31,26455947.2
438,Kota Baubau,2022,6054248.1,111840.9,1441437.38,4872509.48,493799.19,-2262445.11,10711389.94
439,Boalemo,2022,3739252.54,34137.59,1097309.95,1163701.13,122189.76,-44133.56,6112457.41
440,Gorontalo,2022,9333519.36,121896.0,2005297.99,4861677.34,166124.81,-1599186.1,14889329.4
441,Pohuwato,2022,4239552.59,42582.76,1068346.61,1449267.88,117185.53,617079.49,7534014.85
442,Bone Bolango,2022,3228319.04,31739.36,1287086.96,1376256.81,100821.46,-744935.65,5279287.98
443,Gorontalo Utara,2022,2331621.51,59576.71,722091.74,1144028.55,47993.45,-451478.73,3853833.24
444,Kota Gorontalo,2022,6445811.1,60199.42,2858441.01,3194317.23,130390.26,-2932520.74,9756638.27
445,Majene,2022,3542471.61,61579.08,1175886.59,1423546.16,-43695.01,-623058.94,5536729.49
446,Polewali Mandar,2022,9392258.61,80066.22,1761434.3,3738701.64,355079.71,-484714.8,14842825.68
447,Mamasa,2022,2442368.66,60186.24,819980.67,946459.22,-80150.08,-900541.18,3288303.53
448,Mamuju,2022,6664073.81,95156.59,3255882.3,4070527.75,-86047.71,-621589.42,13378003.33
449,Mamuju Utara,2022,3341677.97,51576.55,766299.4,3771839.45,528122.19,4725747.67,13185263.23
450,Mamuju Tengah,2022,2247650.92,41994.79,473850.53,916152.07,165044.86,-30914.96,3813778.22
451,Maluku Tenggara Barat,2022,2545740.98,133052.5,1108260.8,1640971.21,37660.92,-2312466.87,3153219.54
452,Maluku Tenggara,2022,2339172.59,96524.93,1177876.56,1370466.33,29819.01,-1228913.2,3784946.24
453,Maluku Tengah,2022,8321677.34,290461.65,2298905.52,2403185.99,32136.06,-3360579.08,9985787.48
454,Buru,2022,2330947.5,82299.81,1023792.36,1153805.35,20983.89,-1846556.32,2765272.59
455,Kepulauan Aru,2022,1932603.7,89607.91,925825.34,1237388.47,14650.52,-155729.58,4044346.36
456,Seram Bagian Barat,2022,2670732.01,91497.37,1412767.31,1723714.44,34578.91,-2432757.29,3500532.74
457,Seram Bagian Timur,2022,1958452.06,54736.21,1329622.72,1255428.3,19878.99,-979975.53,3638142.75
458,Maluku Barat Daya,2022,1193987.92,31748.4,790330.56,776592.96,14940.33,-543633.08,2263967.09
459,Buru Selatan,2022,1397698.4,55697.84,869817.21,823760.27,24853.62,-1539524.82,1632302.51
460,Kota Ambon,2022,11387870.0,407858.33,4030271.31,3746929.04,29145.76,-2427033.49,17175040.94
461,Kota Tual,2022,1909007.31,60546.9,853109.89,948235.91,23722.71,-885605.23,2909017.51
462,Halmahera Barat,2022,1623527.74,111675.95,684244.32,366912.04,1638.99,-258549.72,2529449.32
463,Halmahera Tengah,2022,977786.15,37443.08,901356.94,28505130.67,376460.25,-9495734.59,21302442.51
464,Kepulauan Sula,2022,1629132.48,20641.9,751942.98,653070.02,1325.52,-181085.61,2875027.29
465,Halmahera Selatan,2022,4015129.58,48764.53,1129461.04,8364410.2,-323390.09,1091370.62,14325745.87
466,Halmahera Utara,2022,3429583.83,79148.47,1468936.99,2150151.3,16062.46,-655302.59,6488580.47
467,Halmahera Timur,2022,1734821.98,96672.96,1030344.24,1461462.13,126.99,-139284.77,4184143.52
468,Pulau Morotai,2022,928172.99,8736.86,385003.69,766028.27,1817.77,-337566.71,1752192.86
469,Pulau Taliabu,2022,739226.92,2515.19,201497.9,275631.4,-60345.52,712818.34,1871344.24
470,Kota Ternate,2022,7932619.53,144948.07,3652742.56,2995587.46,75645.11,-2487534.1,12314008.64
471,Kota Tidore Kepulauan,2022,1803491.0,53094.76,2724243.61,1001756.04,1946.15,-2287968.14,3296563.42
472,Fakfak,2022,3176233.74,87397.57,1921321.51,1923824.5,-93456.89,-1424805.34,5590515.08
473,Kaimana,2022,1209261.91,60411.87,1215972.46,761330.39,-38160.2,-468105.16,2740711.27
474,Teluk Wondama,2022,565998.9,33871.1,794692.0,520755.2,33234.66,-285282.29,1663269.57
475,Teluk Bintuni,2022,1398883.12,60667.87,1681006.07,3284105.91,-278464.87,28788799.02,34934997.12
476,Manokwari,2022,5051466.68,224443.11,2794524.9,4057565.05,136300.67,-1981953.27,10282347.14
477,Sorong Selatan,2022,824242.7,49723.03,1090935.8,726199.8,49436.48,-635212.63,2105325.19
478,Sorong,2022,3136465.77,139004.92,2000860.98,2209052.29,-199637.34,4286648.27,11572394.9
479,Raja Ampat,2022,1128053.97,48045.59,1107967.98,641615.36,-53352.0,1193800.96,4066131.85
480,Tambrauw,2022,99368.9,8512.28,196489.18,68607.63,-4095.19,-112960.56,255922.23
481,Maybrat,2022,643744.83,25246.95,722868.65,186017.33,4.0,-794040.14,783841.62
482,Manokwari Selatan,2022,644032.59,22430.78,356551.91,72491.29,-54897.03,-153186.02,887423.51
483,Pegunungan Arfak,2022,128177.9,2801.79,161107.92,103728.77,22816.51,-138885.52,279747.37
484,Kota Sorong,2022,9454479.27,115106.56,2585642.25,3319613.4,-991721.66,1690460.43,16173580.24
485,Merauke,2022,12174494.2,198012.51,3318244.57,4823948.87,-107985.27,-3036553.02,17370161.87
486,Jayawijaya,2022,8243958.03,80025.06,1890633.75,4712285.72,-3259.99,-5757599.43,9166043.14
487,Jayapura,2022,8913202.39,170826.16,3436021.38,5235898.49,-64224.93,586860.85,18278584.34
488,Nabire,2022,8397400.93,306519.39,1804951.83,3211460.83,-70927.91,-1044473.29,12604931.79
489,Kepulauan Yapen,2022,3344213.96,201178.02,716221.8,1070289.21,-11131.68,-660719.28,4660052.04
490,Biak Numfor,2022,4442780.54,245992.22,1572403.11,1090940.85,-18574.58,-1468382.63,5865159.51
491,Paniai,2022,3703523.88,14219.63,1202156.15,2304463.05,-20894.2,-2498638.82,4704829.7
492,Puncak Jaya,2022,1383080.23,50196.37,650677.42,700489.62,-18154.55,-1318224.16,1448064.93
493,Mimika,2022,13336782.66,230296.74,4530507.3,21876602.75,-1576262.9,72027256.11,110425182.7
494,Boven Digoel,2022,3540253.95,36869.81,898437.67,2177321.02,-166928.72,-1408040.9,5077912.84
495,Mappi,2022,2620202.53,51745.76,1115764.68,1717869.74,-55372.42,-2099369.95,3350840.33
496,Asmat,2022,2369974.45,46106.06,1390211.37,1450544.21,-1461.34,-2374793.32,2880581.42
497,Yahukimo,2022,2228064.55,22151.34,1008064.04,1483861.22,-16527.38,-2031279.98,2694333.78
498,Pegunungan Bintang,2022,1882814.72,22451.55,634590.91,972871.57,-22363.05,-1287483.5,2202882.19
499,Tolikara,2022,1621649.85,23825.12,801977.16,889977.63,-4116.05,-1515827.35,1817486.37
500,Sarmi,2022,2366448.87,22599.88,1073382.64,1654119.81,-67992.35,-1732754.29,3315804.55
501,Keerom,2022,2364406.21,38305.1,988360.0,1522856.42,-30963.11,-1678200.72,3204763.89
502,Waropen,2022,1461375.7,50203.18,845438.01,1122503.79,-55204.88,-1113445.71,2310870.1
503,Supiori,2022,940799.06,70179.5,370113.73,816260.27,-35065.05,-1022911.82,1139375.7
504,Mamberamo Raya,2022,1365128.04,31184.91,597876.9,939582.16,-37513.78,-923176.54,1973081.7
505,Nduga,2022,1076370.85,5167.43,480382.01,864992.67,-13318.45,-1000310.23,1413284.28
506,Lanny Jaya,2022,1790956.16,34717.83,714890.06,1054401.35,-2715.02,-1447483.75,2144766.64
507,Mamberamo Tengah,2022,1139901.84,12999.83,535509.46,743692.84,-9069.87,-1136122.67,1286911.43
508,Yalimo,2022,1130998.3,12691.53,462499.21,756026.74,-1907.2,-920302.15,1440006.43
509,Puncak,2022,1378306.75,19930.36,568728.13,957151.79,-73526.11,-1237780.98,1612809.92
510,Dogiyai,2022,1343587.82,36423.5,639717.75,695883.47,-855.21,-1269705.53,1445051.81
511,Intan Jaya,2022,964788.25,7790.65,455954.69,778873.47,-12526.62,-835542.55,1359337.9
512,Deiyai,2022,1145643.61,5587.88,510757.03,701547.5,-12850.66,-778287.83,1572397.53
513,Kota Jayapura,2022,16226910.87,3295376.47,14696797.68,16355509.13,-20538.11,-15189170.69,35364885.34
514,Simeulue,2023,1926918.07,111957.98,854814.97,1214837.88,6592.0,-1180019.61,2935101.29
515,Aceh Singkil,2023,1925889.68,54233.53,933564.24,975556.67,35724.98,-722459.95,3202509.15
516,Aceh Selatan,2023,4252534.02,126111.42,1318035.5,2352515.86,67572.66,-1082312.26,7034457.2
517,Aceh Tenggara,2023,4432180.52,233480.74,1390927.91,1700802.48,151699.11,-1651144.79,6257945.97
518,Aceh Timur,2023,9599718.86,368339.1,1571538.32,4339766.63,133849.81,-2210118.05,13803094.67
519,Aceh Tengah,2023,4035368.95,153168.11,1329765.73,3800743.09,114302.12,409156.2,9842504.2
520,Aceh Barat,2023,4919560.39,267492.85,1498723.06,4706453.44,247608.0,1932084.99,13571922.75
521,Aceh Besar,2023,10956409.49,75332.91,2491103.68,5822263.55,194934.68,-2562067.53,16977976.78
522,Pidie,2023,8926005.87,345459.05,2378162.03,3826436.2,1436.33,-1987850.1,13489649.38
523,Bireuen,2023,10301825.8,308232.25,2079079.06,3714864.12,209160.14,415140.09,17028301.46
524,Aceh Utara,2023,13363164.81,490171.67,2962471.63,6892838.46,-463553.74,5227059.41,28472152.25
525,Aceh Barat Daya,2023,2603044.61,77000.04,864424.24,2711915.92,26333.21,-1317843.95,4964874.05
526,Gayo Lues,2023,1665429.95,95568.37,971345.11,1273355.61,64702.48,-734246.03,3336155.5
527,Aceh Tamiang,2023,5681260.02,145613.0,1240713.0,2940980.09,1157.33,719026.01,10728749.45
528,Nagan Raya,2023,4427366.9,219695.35,1099746.83,3562460.83,75103.69,2565360.14,11949733.74
529,Aceh Jaya,2023,1694955.62,71370.22,983394.62,1679863.8,36618.67,-1092415.62,3373787.32
530,Bener Meriah,2023,2737646.9,117731.19,977980.0,2654519.36,25305.0,-497358.44,6015824.01
531,Pidie Jaya,2023,3061589.96,189170.51,939726.05,1486790.29,27369.86,-1355558.29,4349088.38
532,Kota Banda Aceh,2023,13250302.63,390458.76,8387180.99,5593291.42,201740.92,-4045509.92,23777464.8
533,Kota Sabang,2023,933703.08,112811.06,967479.05,1106511.74,52307.48,-1425882.83,1746929.58
534,Kota Langsa,2023,4254196.96,160905.81,1152927.9,2385462.2,168673.52,-1268781.08,6853385.32
535,Kota Lhokseumawe,2023,5446525.0,142178.65,1612348.33,4820400.41,90937.56,-942757.85,11169632.11
536,Kota Subulussalam,2023,1514857.77,64889.21,651758.68,1239051.12,10664.0,-921632.5,2559588.29
537,Nias,2023,4362942.41,185881.31,998613.28,1195285.61,24939.02,-1909864.42,4857797.21
538,Mandailing Natal,2023,11438280.66,274981.32,2493613.31,3809453.51,549965.72,-243971.85,18322322.68
539,Tapanuli Selatan,2023,8805071.69,131757.61,1683420.78,6795056.27,621439.53,838703.63,18875449.51
540,Tapanuli Tengah,2023,8726009.03,282453.76,1038042.61,2488738.97,146773.96,-50244.67,12631773.65
541,Tapanuli Utara,2023,6654536.47,533058.16,1488104.21,4367414.13,289712.37,-2843122.71,10489702.62
542,Toba Samosir,2023,5193889.11,169212.26,1283898.03,2111740.52,130649.8,766880.98,9656270.69
543,Labuhan Batu,2023,20678776.74,252072.04,1535751.87,10047473.8,1495195.23,11753327.16,45762596.83
544,Asahan,2023,26280835.12,562083.03,2414147.37,13519065.2,788279.92,7717612.43,51282023.07
545,Simalungun,2023,26494630.73,510273.7,2971477.85,11915767.38,765615.25,9581335.06,52239099.97
546,Dairi,2023,6645855.18,290569.7,1235055.44,3028135.13,250254.1,201281.26,11651150.81
547,Karo,2023,14028794.62,441905.69,2120358.04,8641188.95,345050.65,831672.52,26408970.47
548,Deli Serdang,2023,81986346.21,736630.07,4466933.03,45048890.36,2587186.2,4271722.05,139097707.9
549,Langkat,2023,31228672.11,541771.5,4039491.3,12246210.74,2066845.55,6068257.57,56191248.77
550,Nias Selatan,2023,6828250.22,233948.96,2225874.79,2254985.2,146568.48,-3114651.25,8574976.4
551,Humbang Hasundutan,2023,4454597.6,132318.51,1240129.16,1876060.05,3055.3,-51109.87,7655050.75
552,Pakpak Bharat,2023,837502.79,14837.87,451832.14,498456.54,7762.63,-250620.7,1559771.27
553,Samosir,2023,3461181.14,134319.94,1066554.79,836234.19,222306.95,-64846.72,5655750.29
554,Serdang Bedagai,2023,19533942.81,388385.86,2568296.0,8898793.34,828713.6,5316059.11,37534190.72
555,Batu Bara,2023,17746681.17,344418.06,2026234.23,8611538.35,1184531.85,13861593.06,43774996.71
556,Padang Lawas Utara,2023,8739674.2,205252.58,1157182.52,3778879.79,123162.62,1818214.09,15822365.8
557,Padang Lawas,2023,7102937.43,138199.5,895073.14,3398283.45,49580.29,4543004.66,16127078.47
558,Labuhan Batu Selatan,2023,15503166.64,170312.76,1217835.93,9915069.39,1493733.57,9284188.06,37584306.37
559,Labuhan Batu Utara,2023,14696309.06,277862.16,1362870.55,8303163.94,765917.2,7864778.35,33270901.26
560,Nias Utara,2023,3461162.19,74541.0,917976.64,1370746.9,182864.47,-1529423.18,4477868.03
561,Nias Barat,2023,1781516.87,94838.98,559714.5,638217.59,91177.48,-828959.88,2336505.54
562,Kota Sibolga,2023,4116987.54,133201.71,769707.63,1253523.25,99045.84,448331.91,6820797.89
563,Kota Tanjung Balai,2023,6012497.35,156752.85,1056663.73,3418770.18,187131.02,377677.32,11209492.45
564,Kota Pematang Siantar,2023,9516429.91,443915.29,1586777.55,3954930.41,631578.55,94418.33,16228050.04
565,Kota Tebing Tinggi,2023,5141470.4,27079.97,1336871.82,2860172.68,201733.74,-2139043.07,7428285.55
566,Kota Medan,2023,132451725.9,966599.19,10152341.33,120356363.5,4443526.01,34941321.84,303311877.8
567,Kota Binjai,2023,8603426.76,205574.84,860845.76,4798582.92,66318.09,-75165.65,14459582.72
568,Kota Padangsidimpuan,2023,5049599.3,289483.78,1430609.11,2903677.93,98872.87,-1843289.37,7928953.62
569,Kota Gunungsitoli,2023,4686574.33,145443.02,620283.32,2098064.92,19582.06,-645476.39,6924471.26
570,Kepulauan Mentawai,2023,2978471.61,49376.35,816635.41,1797584.36,-1200.88,274132.22,5914999.06
571,Pesisir Selatan,2023,9186230.87,189609.62,1646355.18,5256454.68,-101689.19,1848718.53,18025679.68
572,Solok,2023,9432539.05,147119.88,1526353.04,5513182.8,9246.16,687971.46,17316412.39
573,Sijunjung,2023,6142236.36,90652.35,992987.92,3789497.25,22471.95,638925.28,11676771.13
574,Tanah Datar,2023,9362656.13,202477.56,1611913.13,5205701.28,-25811.91,102622.41,16459558.6
575,Padang Pariaman,2023,13387747.71,276004.82,1812957.13,7472674.51,6120.85,2115344.98,25070850.0
576,Agam,2023,13948913.44,276213.74,1685306.79,7883117.37,-30113.53,2399220.85,26162658.67
577,Lima Puluh Kota,2023,10484749.9,201350.91,1444382.58,6121403.0,12366.83,1339942.87,19604196.1
578,Pasaman,2023,6002731.39,121605.16,1108611.59,3479100.89,12728.34,635580.7,11360358.08
579,Solok Selatan,2023,3807876.51,80533.52,675871.71,2085935.59,-7868.06,402065.71,7044414.98
580,Dharmasraya,2023,7288212.05,132696.98,1037216.79,3886625.52,-72797.82,1073815.74,13345769.26
581,Pasaman Barat,2023,10885476.9,230216.28,1432992.35,6088413.8,-126313.16,1034010.29,19544796.46
582,Kota Padang,2023,39329658.24,866416.68,9037432.09,23025404.87,-527612.0,7973373.35,79704673.23
583,Kota Solok,2023,2629961.06,52354.8,699856.07,1379550.86,-8757.33,509132.79,5262098.25
584,Kota Sawah Lunto,2023,2556268.38,50894.84,682492.31,1242010.72,12992.6,280637.01,4825295.86
585,Kota Padang Panjang,2023,2289095.49,48558.67,659420.87,1337117.31,-2724.97,142617.24,4474084.62
586,Kota Bukittinggi,2023,5832542.02,102527.43,1165137.26,3056483.53,-17787.96,992679.39,11131581.67
587,Kota Payakumbuh,2023,4020504.38,76806.3,908946.28,2181218.61,-5279.92,1800156.98,8982352.63
588,Kota Pariaman,2023,3330346.18,72382.83,703808.45,1745648.99,305.74,582627.58,6435119.77
589,Kuantan Singingi,2023,18626021.57,214633.75,1464631.25,18576719.45,79598.87,8688965.73,47650570.62
590,Indragiri Hulu,2023,21583879.3,295761.25,1682830.8,20529446.02,159103.63,12230967.0,56481988.01
591,Indragiri Hilir,2023,35852526.73,527643.74,2035587.17,19510039.42,110219.42,29510354.72,87546371.2
592,Pelalawan,2023,18649610.88,247954.88,1486171.47,12377686.5,71642.91,37688554.0,70521620.64
593,Siak,2023,26092565.8,325298.58,2356691.4,27421026.47,108758.3,53619030.66,109923371.2
594,Kampar,2023,46122931.02,598192.43,3034458.59,37087808.19,167357.16,19918243.97,106928991.4
595,Rokan Hulu,2023,30319675.74,409451.28,1423969.99,12057569.91,86765.22,7859148.07,52156580.21
596,Bengkalis,2023,35779434.88,438419.09,3791083.93,33971628.1,144113.41,94511165.73,168635845.1
597,Rokan Hilir,2023,30647303.34,449624.39,1955824.22,10171374.53,52661.69,51463451.4,94740239.58
598,Kepulauan Meranti,2023,9345320.61,192948.72,641840.45,5868055.41,63032.06,9497395.66,25608592.91
599,Kota Pekanbaru,2023,77846671.25,1612820.57,10873107.91,124332590.2,1003283.76,-55707800.19,159960673.5
600,Kota Dumai,2023,15567627.77,219477.3,2753221.63,19967222.54,139658.4,10387078.24,49034285.87
601,Kerinci,2023,6855619.43,78134.89,1421328.55,3869018.34,54041.71,1127205.84,13405348.76
602,Merangin,2023,12534615.64,73143.81,1347784.41,4930061.86,67608.72,3661313.52,22524527.97
603,Sarolangun,2023,10606216.75,113821.28,1124922.17,7454144.5,51709.43,2157912.1,21508726.22
604,Batang Hari,2023,10302627.94,91497.54,1288757.17,5177262.29,105625.59,8482841.07,25448611.61
605,Muaro Jambi,2023,13507445.12,144877.99,1906075.13,6673242.81,421491.51,13231710.13,35884842.69
606,Tanjung Jabung Timur,2023,7647867.22,114696.53,1392448.85,5019275.33,187210.27,10711116.35,25072614.55
607,Tanjung Jabung Barat,2023,12349330.63,112334.51,1235660.85,7506980.32,371729.68,29276237.38,50852273.36
608,Tebo,2023,10203828.04,127962.18,1043003.65,4438848.62,99077.5,5270776.03,21183496.01
609,Bungo,2023,12639182.5,140020.33,1319692.54,7027038.84,155532.08,4953307.31,26234773.6
610,Kota Jambi,2023,22429553.33,653437.92,7188390.47,8662865.49,507656.63,1138719.45,40580623.29
611,Kota Sungai Penuh,2023,4208195.62,64168.22,614511.86,2467850.94,185234.8,1935177.25,9475138.69
612,Ogan Komering Ulu,2023,13151501.85,274358.88,1364360.94,6585701.11,27688.71,-2384242.98,19019368.51
613,Ogan Komering Ilir,2023,24012331.86,550919.84,2547700.97,11937688.35,16434.25,-1669832.07,37395243.2
614,Muara Enim,2023,47755305.34,1438774.91,2773596.86,18044922.45,107118.09,48397788.2,118517505.8
615,Lahat,2023,16412501.28,398789.15,3280132.83,7095917.72,46110.17,2055439.43,29288890.57
616,Musi Rawas,2023,16688393.58,316633.65,1971202.57,5582125.94,-463023.84,-568780.72,23526551.18
617,Musi Banyuasin,2023,60301337.85,1636795.9,4502211.13,23104337.12,102766.99,-3876378.65,85771070.34
618,Banyu Asin,2023,25657494.22,512890.1,2383524.34,9824180.25,-46931.07,-891642.62,37439515.22
619,Ogan Komering Ulu Selatan,2023,7332310.97,130405.83,1320752.61,3411398.86,35321.56,-1139794.83,11090394.99
620,Ogan Komering Ulu Timur,2023,14044471.58,245493.65,1829608.44,6301472.37,8513.08,-2964638.46,19464920.67
621,Ogan Ilir,2023,8762130.61,215571.74,1634776.85,3901256.81,672.24,-263602.4,14250805.84
622,Empat Lawang,2023,3993175.47,107708.51,952396.23,1834611.06,53125.4,-638118.41,6302898.26
623,Penukal Abab Lematang Ilir,2023,5936962.65,167611.97,392097.82,2638492.57,1351.52,-417440.63,8719075.9
624,Musi Rawas Utara,2023,6836024.56,122703.8,792215.11,2402553.13,-8906.28,-1077518.48,9067071.83
625,Kota Palembang,2023,118924601.6,2599793.03,9081294.66,83912220.97,25657.71,-19973965.84,194569602.2
626,Kota Prabumulih,2023,6343902.2,158846.98,1125490.46,3561650.2,33385.54,-1389142.1,9834133.28
627,Kota Pagar Alam,2023,2768215.53,71584.76,541800.75,1239916.23,31404.29,-1162390.34,3490531.21
628,Kota Lubuklinggau,2023,5284216.94,135575.48,858268.72,3169149.83,31825.58,-1245323.83,8233712.73
629,Bengkulu Selatan,2023,4480282.8,185620.31,1409285.48,2874619.33,-44888.14,-1703772.59,7201147.21
630,Rejang Lebong,2023,7527106.49,237610.22,1424235.81,4094946.61,-69348.41,-1315436.23,11899114.5
631,Bengkulu Utara,2023,6754629.33,189115.31,1429074.16,4722254.88,-75938.71,-528587.56,12490547.4
632,Kaur,2023,2868830.24,113161.3,902212.95,2694588.76,-20968.53,-2010128.12,4547696.61
633,Seluma,2023,3703129.41,89005.54,948280.97,3190314.76,-34443.51,-2127412.45,5768874.72
634,Mukomuko,2023,4276922.54,164409.08,959852.06,3771938.48,-21120.78,-2352401.16,6799600.22
635,Lebong,2023,2759740.83,141929.52,828328.96,2498408.98,-22340.26,-2046976.73,4159091.3
636,Kepahiang,2023,3507182.21,161850.02,856381.69,2470558.4,-25410.51,-1354972.31,5615589.5
637,Bengkulu Tengah,2023,3637166.94,82113.13,670917.63,2659476.77,-132966.72,-251518.06,6665189.7
638,Kota Bengkulu,2023,18475856.86,847564.7,7322439.66,8921683.7,-24524.55,-4731612.52,30811407.84
639,Lampung Barat,2023,7133025.03,254554.95,1405037.26,3293486.85,13899.3,-3082049.24,9017954.16
640,Tanggamus,2023,14222221.85,315485.88,1690228.06,4762984.39,32304.13,-1414053.13,19609171.18
641,Lampung Selatan,2023,31505213.26,834012.41,2232065.15,19071422.94,236341.94,1880344.07,55759399.77
642,Lampung Timur,2023,32953494.12,867152.35,2527884.24,15983076.6,-325316.63,868096.93,52874387.6
643,Lampung Tengah,2023,48358174.62,1215871.32,2636655.84,30096273.53,45295.93,7725336.38,90077607.62
644,Lampung Utara,2023,18584413.74,975991.74,1793552.47,9693955.25,1517.62,-1788875.31,29260555.51
645,Way Kanan,2023,11313349.15,274426.45,1244926.79,5604569.58,17970.55,-981829.89,17473412.64
646,Tulangbawang,2023,17284281.96,450479.64,1197527.78,10138330.38,39602.05,-912969.28,28197252.51
647,Pesawaran,2023,11978480.23,282853.83,1146733.09,6156141.62,31867.43,621304.02,20217380.22
648,Pringsewu,2023,11938904.16,248963.75,900486.46,4252672.84,290692.91,-3621674.54,14010045.58
649,Mesuji,2023,7648223.44,187936.81,555111.21,4027534.08,2991.54,526756.74,12948553.82
650,Tulang Bawang Barat,2023,9728086.98,187078.52,756431.09,4452661.34,89176.8,-823030.41,14390404.32
651,Pesisir Barat,2023,4090885.64,110368.92,152010.15,1284164.43,3464.32,93666.66,5734560.11
652,Kota Bandar Lampung,2023,45326520.04,1313507.19,11534583.16,24165185.35,657491.75,-8893607.04,74103680.46
653,Kota Metro,2023,5755432.31,157168.9,995810.91,1689321.15,15077.75,-747347.64,7865463.38
654,Bangka,2023,12141615.85,118978.4,1538895.92,4329498.73,14632.56,1155225.86,19298847.32
655,Belitung,2023,7400158.55,97955.97,1402610.78,3571695.29,32965.53,1004619.24,13510005.36
656,Bangka Barat,2023,8982298.53,98786.01,1047391.68,3544536.49,45422.93,3973426.09,17691861.73
657,Bangka Tengah,2023,7876502.05,97132.83,1379342.83,3198687.94,1712.81,-1126106.62,11427271.83
658,Bangka Selatan,2023,7300081.75,80964.84,975845.34,2992424.38,22788.98,-85.01,11372020.28
659,Belitung Timur,2023,5579688.87,74578.42,1188387.91,3064290.79,46385.21,608599.56,10561930.75
660,Kota Pangkal Pinang,2023,8883585.51,165134.37,2529584.69,5513339.64,12010.0,1705127.95,18808782.14
661,Karimun,2023,10806097.51,175478.76,1740966.0,6390801.46,163732.63,-2260102.01,17016974.35
662,Bintan,2023,13601155.34,33029.67,1962006.56,15048775.88,180188.07,-5741370.18,25083785.34
663,Natuna,2023,4860621.05,14821.59,2088561.92,4036858.81,32237.15,12486781.87,23519882.39
664,Lingga,2023,3166437.23,19790.95,1152578.73,2266483.01,30640.51,-1386172.11,5249758.32
665,Kepulauan Anambas,2023,2896544.41,13623.83,1767840.99,3942916.87,159690.8,10460869.04,19241485.93
666,Kota Batam,2023,85660429.16,476296.15,2788093.29,101753011.6,1394057.58,24025827.33,216097715.2
667,Kota Tanjung Pinang,2023,14968240.21,89875.75,4773706.29,9517683.47,306418.28,-6122262.13,23533661.88
668,Kep. Seribu,2023,3417292.69,1080273.53,560385.73,423488.94,87980.79,2644182.72,8213604.41
669,Kota Jakarta Selatan,2023,518168040.1,19761372.84,137033583.4,258605540.1,2661796.58,-143615599.7,792614733.3
670,Kota Jakarta Timur,2023,520187809.1,15067001.35,23084885.19,193908340.4,3101317.59,-163118916.0,592230437.7
671,Kota Jakarta Pusat,2023,201244308.9,9546381.69,216709121.9,233021556.4,1548655.65,197979335.2,860049359.9
672,Kota Jakarta Barat,2023,492089130.4,12657357.69,19088030.46,251406355.3,1803162.8,-191531536.8,585512499.8
673,Kota Jakarta Utara,2023,391501400.9,17315769.72,19214564.07,252510223.3,3102930.91,-52252046.03,631392842.9
674,Bogor,2023,192235614.0,1794347.92,8286421.72,61208383.97,-519281.68,26100668.7,289106154.7
675,Sukabumi,2023,53619341.4,450154.44,4309715.79,23278582.16,101363.62,558150.07,82317307.48
676,Cianjur,2023,43776404.38,142099.53,3603310.64,14926552.56,116676.7,-4173824.18,58391219.63
677,Bandung,2023,123098140.6,803449.42,6302597.65,29650707.23,482257.0,-6386410.47,153950741.4
678,Garut,2023,57323705.67,414089.12,4859843.33,18343199.14,49119.79,-8760727.21,72229229.84
679,Tasikmalaya,2023,38560711.25,739429.22,3767432.0,8841076.24,70695.82,-5881389.44,46097955.1
680,Ciamis,2023,27643317.41,493142.48,3165303.32,9304916.46,23559.16,-789198.98,39841039.85
681,Kuningan,2023,26627655.93,762165.4,3320623.08,7901721.04,5363.3,-6072636.46,32544892.28
682,Cirebon,2023,55199529.72,1232246.68,3880566.71,17130004.3,96459.39,-16229042.23,61309764.57
683,Majalengka,2023,28547015.74,245374.18,3196793.79,13925032.32,28713.31,-4229480.65,41713448.69
684,Sumedang,2023,29540805.2,678790.67,3495594.13,10111784.52,51961.0,-551787.0,43327148.51
685,Indramayu,2023,41855398.82,296661.97,3714164.13,16292199.04,123208.17,41278306.13,103559938.3
686,Subang,2023,35645444.47,389529.26,4091914.7,13742631.32,61744.21,-4239039.99,49692223.97
687,Purwakarta,2023,43287843.57,324269.79,2871155.46,19084627.85,27299.26,16534063.25,82129259.17
688,Karawang,2023,110094591.8,564830.97,5507909.48,48264792.95,129970.29,126354222.2,290916317.8
689,Bekasi,2023,160897275.5,606920.22,5581936.55,85584131.82,11662.59,141141051.3,393822978.0
690,Bandung Barat,2023,38762455.89,556399.14,3204432.02,12110421.68,50863.36,2260611.92,56945184.01
691,Pangandaran,2023,7990939.53,113373.66,1123803.29,3124477.05,16414.9,1887410.8,14256419.23
692,Kota Bogor,2023,56362061.23,958041.54,5521008.61,19739333.88,7439.56,-25584126.92,57003757.9
693,Kota Sukabumi,2023,12508197.47,700431.22,1626876.86,2459357.88,-2456.56,-1942697.5,15349709.36
694,Kota Bandung,2023,214179055.5,2282405.28,34392143.73,89038879.47,1303356.74,10088614.0,351284454.7
695,Kota Cirebon,2023,16266309.31,548831.57,3016558.18,6985531.22,-413485.26,2368848.51,28772593.53
696,Kota Bekasi,2023,130955101.8,395462.06,5066020.45,40354630.89,202682.05,-58010878.02,118963019.2
697,Kota Depok,2023,111087564.7,992173.18,3106748.37,47001084.09,5883.6,-74624830.35,87568623.61
698,Kota Cimahi,2023,28817201.59,102563.59,2045665.5,13222288.61,29887.78,-3718218.93,40499388.14
699,Kota Tasikmalaya,2023,19460192.04,665237.38,2782242.06,8968066.1,-55537.12,-4408772.32,27411428.14
700,Kota Banjar,2023,4623102.4,71493.05,1233221.9,1635357.84,4714.21,-2321240.49,5246648.9
701,Cilacap,2023,55223806.36,749581.72,3485410.35,27136592.18,557666.95,45272266.37,132425323.9
702,Banyumas,2023,44312390.91,833275.93,4973456.12,23994108.05,321582.74,-5683161.28,68751652.47
703,Purbalingga,2023,22166471.55,505262.63,1842421.88,6180384.9,1036875.87,-506869.95,31224546.88
704,Banjarnegara,2023,21081178.26,551702.94,1955288.21,5881348.44,104716.91,-2383406.95,27190827.81
705,Kebumen,2023,26294969.22,659760.92,2757571.47,6729204.56,951354.29,-1629056.03,35763804.43
706,Purworejo,2023,18282488.0,474438.7,2082670.85,5962794.07,331701.41,-3946066.54,23188026.49
707,Wonosobo,2023,18218378.54,474793.44,1646905.84,4340980.62,402929.85,-1754066.78,23329921.51
708,Magelang,2023,28620293.73,816799.12,2827644.98,11086439.74,512251.71,-3183042.7,40680386.58
709,Boyolali,2023,31581606.91,675634.09,2455674.97,8778791.1,473809.6,-1229963.88,42735552.79
710,Klaten,2023,38105009.52,844877.37,3011556.01,11502646.13,377319.03,-2567217.7,51274190.36
711,Sukoharjo,2023,31519498.13,577800.08,2141851.91,10388894.57,148347.7,1744857.99,46521250.38
712,Wonogiri,2023,26319428.6,844358.46,2453682.26,7575353.37,184626.91,-434800.2,36942649.4
713,Karanganyar,2023,32212511.94,654396.83,2179415.69,10646273.31,964279.87,546676.76,47203554.4
714,Sragen,2023,33411190.95,634709.77,2562671.83,11126100.85,906075.29,-70621.12,48570127.58
715,Grobogan,2023,28643869.88,661958.54,2558638.35,5700425.01,62208.6,-2868180.22,34758920.16
716,Blora,2023,21411250.63,486946.27,2322128.84,3695435.54,124186.05,3712978.06,31752925.39
717,Rembang,2023,17550635.95,387209.27,1709109.77,5413592.7,993342.1,-1924184.0,24129705.8
718,Pati,2023,39392368.2,712464.26,3050008.86,12261789.17,567486.54,-1208707.73,54775409.31
719,Kudus,2023,35508278.05,446310.19,2262300.68,17220150.28,1356060.77,64517353.46,121310453.4
720,Jepara,2023,33162574.54,684402.33,2514185.43,14146085.15,277594.54,-12761574.81,38023267.18
721,Demak,2023,25629207.02,586998.4,2506001.77,9401051.13,318684.72,-5425135.61,33016807.42
722,Semarang,2023,36458186.87,680730.87,3534063.65,24428239.31,573084.39,-4390122.59,61284182.5
723,Temanggung,2023,19401679.25,501845.54,1736114.87,4446332.83,1094243.04,-267891.32,26912324.21
724,Kendal,2023,31378724.42,567015.73,2288994.33,14358968.2,553212.36,5213446.42,54360361.46
725,Batang,2023,19431907.79,454624.38,1675624.23,7311354.39,554342.71,-1541254.36,27886599.15
726,Pekalongan,2023,21477016.92,517786.07,2011301.01,6731381.74,564525.21,-3190008.88,28112002.07
727,Pemalang,2023,25947604.67,607274.91,2343200.68,4261217.06,165405.87,-969679.37,32355023.82
728,Tegal,2023,36247937.03,682992.9,2548366.94,10138927.71,393332.33,-5571271.12,44440285.79
729,Brebes,2023,44411288.61,821944.77,2946392.49,7276003.28,209920.28,1933608.02,57599157.45
730,Kota Magelang,2023,6169827.23,160980.35,1720186.95,5206113.09,120157.11,-2394528.19,10982736.54
731,Kota Surakarta,2023,30938002.52,377745.76,4987952.26,37895289.44,404306.31,-14117532.74,60485763.55
732,Kota Salatiga,2023,10533340.84,180220.81,1391990.19,7143445.46,168397.5,-2644303.18,16773091.62
733,Kota Semarang,2023,101968259.7,1992289.53,25578275.84,148552561.4,1377940.82,-30566720.53,248902606.8
734,Kota Pekalongan,2023,9009785.84,184862.44,1095976.83,5146620.87,41808.95,-1734830.88,13744224.05
735,Kota Tegal,2023,9885566.52,166039.79,1464586.6,8325258.03,97342.96,-776552.07,19162241.83
736,Kulon Progo,2023,8957052.96,467506.79,2058966.68,8073340.59,54529.65,-3764189.2,15847207.47
737,Bantul,2023,24015566.32,1065117.33,4049662.98,8744816.91,214717.63,-4078294.45,34011586.73
738,Gunung Kidul,2023,16426549.9,307175.75,3564848.8,7494102.65,231447.93,-3047814.92,24976310.1
739,Sleman,2023,37025066.08,1209509.15,7552158.48,23227246.99,790535.17,-10372979.62,59431536.25
740,Kota Yogyakarta,2023,25391682.15,2401057.58,8347117.96,11963603.2,458387.54,-2369346.43,46192502.0
741,Pacitan,2023,15021272.95,423332.08,1591075.49,8324281.64,24432.58,-5893893.46,19490501.28
742,Ponorogo,2023,18275670.38,622340.8,2234886.61,6919568.41,19812.52,-2824497.06,25247781.66
743,Trenggalek,2023,16505807.73,928847.74,1958290.82,4264635.44,9557.24,-927088.41,22740050.56
744,Tulungagung,2023,33891669.72,820320.69,2767248.62,13449498.81,36882.81,-3001184.73,47964435.91
745,Blitar,2023,31191047.71,975760.78,2861656.91,12125943.36,26116.84,-2288796.51,44891729.08
746,Kediri,2023,37371279.94,1232859.33,3049885.52,16680106.49,269192.46,-7965169.49,50638154.24
747,Malang,2023,84362397.67,3300153.6,4261936.88,40880151.54,107655.65,-4539080.31,128373215.0
748,Lumajang,2023,28422570.47,474494.98,1979306.68,8616189.13,785669.01,-205453.26,40072777.01
749,Jember,2023,67203363.97,1763527.43,3781076.22,17706814.99,2179729.04,2655282.44,95289794.1
750,Banyuwangi,2023,67124859.93,1575010.59,5763800.84,31637762.81,287974.54,-5092786.16,101296622.5
751,Bondowoso,2023,19010306.6,456026.16,1855138.47,6600549.14,150203.83,-3298863.05,24773361.15
752,Situbondo,2023,18170259.54,341090.88,2085359.43,5670371.62,101212.41,-1143311.26,25224982.6
753,Probolinggo,2023,29953687.97,464558.92,2171983.5,11362163.97,104524.6,-1679994.07,42376924.9
754,Pasuruan,2023,113054668.1,1339931.79,2985460.36,56501142.8,1124891.7,11940079.28,186946174.0
755,Sidoarjo,2023,149031827.6,3159840.51,14765378.69,80377756.91,1457639.62,24905630.18,273698073.5
756,Mojokerto,2023,58356894.93,1267220.43,2245608.55,28572871.48,1021509.52,12900136.2,104364241.1
757,Jombang,2023,37682645.93,1349259.83,2967426.2,15643133.84,618167.07,-8276151.33,49984481.54
758,Nganjuk,2023,24570808.43,521280.6,2335920.03,9622879.81,617057.61,-4020998.48,33646948.0
759,Madiun,2023,17481165.4,471306.14,1802425.7,7861862.57,247953.7,-4031705.77,23833007.74
760,Magetan,2023,17570172.85,275651.78,1935128.28,5304845.03,75351.29,-2238871.87,22922277.36
761,Ngawi,2023,18106590.07,280719.2,2110924.37,5383219.34,52466.1,-1609269.67,24324649.4
762,Bojonegoro,2023,41416680.71,329314.72,2619686.65,20181053.68,213988.78,32761424.44,97522148.97
763,Tuban,2023,43838676.79,669155.89,2871749.53,29916808.11,429574.59,4134095.12,81860060.03
764,Lamongan,2023,35816162.05,1217541.62,2739204.29,15114962.25,120770.92,-6081338.56,48927302.56
765,Gresik,2023,107271835.6,1256643.47,3471628.51,41510389.26,4056810.93,18503782.13,176071089.9
766,Bangkalan,2023,20802808.49,318267.07,1975937.99,9203502.05,385543.79,-4946031.21,27740028.17
767,Sampang,2023,16413875.12,396184.83,1886390.77,6724161.82,5214.35,-1339175.28,24086651.6
768,Pamekasan,2023,14845782.37,310089.25,2103240.21,6202689.21,140414.86,-2720963.59,20881252.31
769,Sumenep,2023,30720745.23,399355.04,2571092.74,10571001.38,2087.75,-1416309.74,42847972.4
770,Kota Kediri,2023,29086684.53,341196.43,1644223.28,25583006.51,2823817.51,100271008.3,159749936.6
771,Kota Blitar,2023,5750116.9,95663.04,1563086.24,1663626.45,2593.46,-559928.73,8515157.37
772,Kota Malang,2023,63645884.85,511585.49,2415861.28,32919945.33,745063.66,-7184905.77,93053434.84
773,Kota Probolinggo,2023,10460408.48,243473.73,1239655.74,2487573.87,16383.93,-151024.4,14296471.35
774,Kota Pasuruan,2023,7460681.92,292067.36,1051122.07,2115144.95,2100.65,-521228.65,10399888.3
775,Kota Mojokerto,2023,6004657.7,75126.7,1089460.58,2713435.6,366.07,-1844389.46,8038657.18
776,Kota Madiun,2023,12629632.51,211734.08,1235292.44,3670606.29,258320.75,-749356.13,17256229.94
777,Kota Surabaya,2023,431978167.6,6223495.55,23756117.19,191005511.7,6874939.37,55456475.77,715294707.2
778,Kota Batu,2023,13680575.72,504666.36,1360877.12,6438581.09,878.88,-1461259.64,20524319.54
779,Pandeglang,2023,22865873.59,541493.74,2645031.56,2828051.8,8306.93,5129300.21,34018057.83
780,Lebak,2023,25860333.16,633015.63,2709299.35,2184894.62,47.44,4183405.53,35570995.73
781,Tangerang,2023,88641195.83,811729.66,6001089.65,46853056.17,49843.77,30945748.91,173302664.0
782,Serang,2023,50856908.65,567127.84,2527214.65,37131542.1,15761.1,3981883.2,95080437.53
783,Kota Tangerang,2023,115605172.2,490712.39,4182987.34,69910134.04,53162.35,16355167.87,206597336.2
784,Kota Cilegon,2023,26323123.18,73987.65,1909247.08,59707989.18,1878.02,41516199.27,129532424.4
785,Kota Serang,2023,27328600.97,130879.87,11622518.53,14337813.33,-4224.79,-13577398.1,39838189.82
786,Kota Tangerang Selatan,2023,72285425.38,197808.35,1579862.74,48343163.65,-94523.37,-17924050.37,104387686.4
787,Jembrana,2023,8792292.92,308813.15,1646861.39,3835990.21,21223.05,1007696.23,15612876.95
788,Tabanan,2023,15508268.03,484981.4,2647096.54,4792399.99,10842.68,2087340.31,25530928.95
789,Badung,2023,30157921.72,448840.02,4800634.64,22116276.72,57301.67,10816587.13,68397561.91
790,Gianyar,2023,17185489.95,354082.72,2203800.72,10309515.43,17375.66,459151.79,30529416.26
791,Klungkung,2023,5671144.63,176457.29,1519188.14,3007068.37,7968.09,-301611.15,10080215.38
792,Bangli,2023,5032804.79,162430.43,1337175.52,2866083.05,8524.17,-1498708.45,7908309.5
793,Karangasem,2023,11972213.95,448264.61,1783490.88,2682798.63,15022.12,2072885.23,18974675.4
794,Buleleng,2023,21427081.36,836361.07,3559733.64,9007782.79,21440.01,3498707.23,38351106.1
795,Kota Denpasar,2023,30704584.51,1135018.72,8340083.46,19066386.23,40100.81,814127.92,60100301.66
796,Lombok Barat,2023,13326046.56,395705.09,2558965.82,6604496.4,45691.58,-4809898.39,18121007.06
797,Lombok Tengah,2023,14789221.32,263616.98,2611031.69,10646118.35,19939.43,-7079303.08,21250624.69
798,Lombok Timur,2023,17902459.84,780343.52,3424382.64,9226325.3,90797.73,-6846567.95,24577741.08
799,Sumbawa,2023,12043890.75,254870.07,2216374.29,7133049.6,51811.26,-4189563.15,17510432.82
800,Dompu,2023,5687507.57,136871.36,1916272.3,3370827.01,16637.76,-2617460.07,8510655.92
801,Bima,2023,9312780.9,221802.41,2490707.84,5293127.2,33229.52,-3404985.58,13946662.28
802,Sumbawa Barat,2023,4150415.58,170090.27,1541444.6,6647661.25,35990.65,17096071.16,29641673.52
803,Lombok Utara,2023,4137580.22,80419.74,1426866.05,2265076.94,17173.61,-2368330.26,5558786.31
804,Kota Mataram,2023,13988147.85,328648.41,3354470.89,8710957.42,29243.77,-3630505.95,22780962.39
805,Kota Bima,2023,3187169.72,101267.97,1578436.46,1734011.21,-1063.78,-1613501.75,4986319.82
806,Sumba Barat,2023,2047019.52,93970.53,841102.56,1028472.91,59277.82,-1284153.91,2785689.42
807,Sumba Timur,2023,4236803.12,261125.19,1566855.07,3028929.43,70896.63,-1836205.11,7328404.32
808,Kupang,2023,4638528.09,263204.87,1885709.86,3366918.89,3938.37,-1000665.28,9157634.81
809,Timor Tengah Selatan,2023,6626235.99,197705.49,1464235.71,3198132.54,88777.35,-2078880.82,9496206.27
810,Timor Tengah Utara,2023,3472194.64,189519.58,888445.25,2292503.39,73892.74,-2097111.1,4819444.49
811,Belu,2023,3628814.23,114175.52,1136841.02,2174186.29,107084.62,-1680553.02,5480548.66
812,Alor,2023,2659298.69,114952.5,1297842.98,1649754.03,30142.97,-2116392.02,3635599.14
813,Lembata,2023,1598082.16,70949.86,881401.12,611269.87,10915.64,-1034308.75,2138309.9
814,Flores Timur,2023,4502111.85,223179.0,1450565.85,1601595.45,20418.37,-1735819.71,6062050.81
815,Sikka,2023,4689657.3,195146.24,1262718.33,2768413.1,33304.8,-2754574.03,6194665.73
816,Ende,2023,4764221.17,188708.88,1295268.49,3922092.67,61639.05,-2857551.28,7374378.98
817,Ngada,2023,2664785.29,129119.36,816486.59,1132564.33,140241.5,-769178.3,4114018.78
818,Manggarai,2023,3630291.24,249668.76,1357235.97,2428720.6,56433.89,-2220155.94,5502194.53
819,Rote Ndao,2023,2212419.47,140270.59,982151.32,1243980.71,55601.23,-887751.44,3746671.88
820,Manggarai Barat,2023,3631414.12,75572.91,1006355.68,2826510.86,26228.66,-3311102.94,4254979.29
821,Sumba Tengah,2023,1032592.45,55730.55,601286.03,620691.04,22995.47,-935378.04,1397917.49
822,Sumba Barat Daya,2023,3467681.15,201223.98,948733.0,1381282.94,22478.61,-1521499.55,4499900.12
823,Nagekeo,2023,1984110.62,199872.12,1061904.35,931007.79,33849.73,-1540782.83,2669961.8
824,Manggarai Timur,2023,2888497.91,57430.54,1084642.19,1452984.2,27074.88,-1573121.36,3937508.36
825,Sabu Raijua,2023,963219.3,53266.83,411465.91,682107.53,0.1,-471580.67,1638479.0
826,Malaka,2023,2672338.09,81294.9,1000435.24,1799524.87,36766.07,-2168178.27,3422180.9
827,Kota Kupang,2023,19881735.4,1217723.43,4762362.41,18545082.54,161554.92,-16090096.71,28478361.98
828,Sambas,2023,13781119.1,289263.12,2332781.54,6741043.24,21509.85,3037064.66,26202781.52
829,Bengkayang,2023,6168324.96,212468.51,1430003.02,3696944.29,486038.48,-847518.56,11146260.69
830,Landak,2023,7371990.22,191221.71,1964101.48,3526915.19,1149108.52,-519034.15,13684302.96
831,Mempawah,2023,6143981.38,41905.32,1813352.24,2830795.32,210774.84,-326801.6,10714007.49
832,Sanggau,2023,13882303.01,306281.59,2338225.03,8844634.65,142620.22,-984743.14,24529321.36
833,Ketapang,2023,14282559.59,269234.51,2524010.82,11371626.48,700471.84,6101258.77,35249162.02
834,Sintang,2023,9432749.97,229398.7,2370958.92,6465890.39,971055.01,-883195.31,18586857.69
835,Kapuas Hulu,2023,7078959.5,47452.98,2122946.55,3900334.57,602755.57,-611585.18,13140864.0
836,Sekadau,2023,4462981.61,105994.59,1158193.7,2647603.51,560672.28,-429110.66,8506335.03
837,Melawi,2023,4018661.14,97858.71,1497667.11,1942440.92,-139209.99,-773019.0,6644398.89
838,Kayong Utara,2023,2892042.26,82322.56,1070349.86,1613659.88,189790.21,-472371.36,5375793.41
839,Kubu Raya,2023,17684565.22,719256.48,2001750.79,13649827.23,1456168.2,2812230.85,38323798.78
840,Kota Pontianak,2023,21242006.44,516082.52,4889610.5,14629195.39,-241142.41,6849483.11,47885235.55
841,Kota Singkawang,2023,6777238.85,395972.88,1579604.23,4904013.9,35114.95,-792675.82,12899269.0
842,Kotawaringin Barat,2023,8616495.47,289538.09,1593833.15,11265363.38,8661.35,6777766.48,28551657.91
843,Kotawaringin Timur,2023,12049455.34,344414.06,2139199.45,13032710.16,4024.1,7372041.75,34941844.86
844,Kapuas,2023,8994481.82,413564.66,1891069.36,7866681.53,-45863.7,4854483.93,23974417.6
845,Barito Selatan,2023,3757281.27,336184.48,1138510.38,4020000.9,-21368.27,-749368.04,8481240.73
846,Barito Utara,2023,5026120.05,259986.1,1224347.74,5359811.29,-25486.09,2333498.0,14178277.09
847,Sukamara,2023,1660611.09,87157.17,651833.29,2254061.04,-31.95,1268485.07,5922115.7
848,Lamandau,2023,2245163.1,55189.89,794338.3,3042246.82,-3529.91,1385331.25,7518739.46
849,Seruyan,2023,4566277.51,85576.3,895046.58,4447171.99,-10106.64,1466094.67,11450060.4
850,Katingan,2023,5635114.66,148572.52,1759121.97,4724767.69,-255.52,-1511417.56,10755903.77
851,Pulang Pisau,2023,3176240.24,77659.01,1256898.0,3140934.69,-1065.3,-655661.0,6995005.64
852,Gunung Mas,2023,4079226.47,158369.24,1137491.44,3991705.37,-34726.8,-712088.31,8619977.41
853,Barito Timur,2023,3435229.87,76960.93,1353250.85,3543451.48,-22570.36,2518799.57,10905122.34
854,Murung Raya,2023,3921204.27,72618.79,1554409.91,3757698.38,-20582.09,3163513.44,12448862.71
855,Kota Palangka Raya,2023,9950220.56,637062.38,7681148.94,8992441.18,-36340.01,-3049139.88,24175393.18
856,Tanah Laut,2023,8131844.32,211234.25,1669401.26,3853425.97,-57561.43,6357362.52,20165706.89
857,Kota Baru,2023,8679801.29,197713.4,2450527.37,5861135.34,45610.64,17711383.83,34946171.87
858,Banjar,2023,14451142.06,219765.81,2553344.03,6615760.11,-5942.45,-1199566.08,22634503.49
859,Barito Kuala,2023,7537668.95,181239.11,1501493.53,3371199.85,4447.2,-2028569.75,10567478.89
860,Tapin,2023,4966949.75,184339.2,1634707.2,2348537.11,31339.55,4528303.96,13694176.77
861,Hulu Sungai Selatan,2023,6106702.11,166296.41,1610183.21,2486969.34,9652.88,-1214343.77,9165460.18
862,Hulu Sungai Tengah,2023,6648703.44,170710.75,1543075.31,2666748.02,-86330.62,-2348871.92,8594034.98
863,Hulu Sungai Utara,2023,5486353.73,160628.43,1425569.35,1744623.7,-12.11,-2705337.19,6111825.92
864,Tabalong,2023,6846598.86,167581.92,1992174.74,3729933.52,-287380.77,18566353.31,31015261.58
865,Tanah Bumbu,2023,8513172.82,175381.15,1870280.22,4345104.23,-313209.62,19070667.39,33661396.19
866,Balangan,2023,3236009.68,139323.25,1315440.08,3088166.38,-27298.49,13124546.81,20876187.73
867,Kota Banjarmasin,2023,26006032.69,292334.9,4265040.35,11923964.21,-780904.56,342654.85,42049122.44
868,Kota Banjar Baru,2023,6235982.75,257035.35,2905559.48,4985228.2,-85818.9,-969894.87,13328092.01
869,Paser,2023,7989123.04,98353.32,2476346.51,11672350.08,19793.64,36961280.57,59217247.16
870,Kutai Barat,2023,5592120.27,330361.02,3157940.72,13600248.99,7296.29,16648059.94,39336027.23
871,Kutai Kartanegara,2023,22894706.03,696756.93,7628676.38,85055221.71,157275.58,88443527.91,204876164.5
872,Kutai Timur,2023,10210644.06,383969.81,4229344.46,33880012.35,103901.33,119463651.7,168271523.7
873,Berau,2023,5585418.44,439771.38,2350490.74,9875035.05,5432.05,33023869.5,51280017.17
874,Penajam Paser Utara,2023,4919986.18,74570.67,2167085.0,12459332.92,14683.08,-2390050.83,17245607.03
875,Mahakam Ulu,2023,850125.54,32579.98,604290.83,1065907.83,8582.87,847680.0,3409167.05
876,Kota Balikpapan,2023,32662305.11,722571.04,5370273.75,53644805.45,96337.07,50672896.49,143169188.9
877,Kota Samarinda,2023,40323657.0,895407.09,15867389.31,41887291.6,150030.8,-9834327.5,89289448.3
878,Kota Bontang,2023,7081680.55,383680.4,1592731.06,9893314.41,-7412.03,49161678.46,68105672.86
879,Malinau,2023,2898786.95,151107.31,1828770.0,4923027.21,94807.61,8546160.09,18442659.18
880,Bulungan,2023,4308956.3,179500.8,2740184.1,12715946.71,28863.54,5604244.88,25577696.33
881,Tana Tidung,2023,572805.97,96405.42,797536.63,2543957.48,42817.5,4967615.61,9021138.62
882,Nunukan,2023,4971361.73,112241.06,1497181.51,7814679.03,37636.26,28092750.36,42525849.95
883,Kota Tarakan,2023,6760774.16,412848.39,1782840.77,10301018.08,164494.39,32657418.14,52079393.94
884,Bolaang Mongondow,2023,4825888.48,112045.04,1385902.61,2919313.06,379.28,1295887.3,10539415.77
885,Minahasa,2023,9164263.79,1179460.44,1577913.71,9140535.13,192.74,1065621.07,22127986.88
886,Kepulauan Sangihe,2023,2888909.35,98025.69,1132468.73,1666788.39,2016.6,-133242.7,5654966.06
887,Kepulauan Talaud,2023,1996342.22,57444.31,723064.59,903781.78,1279.12,-839305.49,2842606.54
888,Minahasa Selatan,2023,5391469.8,461956.06,1237802.43,4209531.65,1355.64,230579.02,11532694.61
889,Minahasa Utara,2023,7583610.81,339620.21,980706.49,8180477.66,262.9,1642853.1,18727531.16
890,Bolaang Mongondow Utara,2023,1565082.0,53147.24,589521.11,874303.62,295.94,180480.59,3262830.51
891,Siau Tagulandang Biaro,2023,1908369.81,217050.43,954952.53,895155.24,166.26,-861418.93,3114275.35
892,Minahasa Tenggara,2023,3654084.78,230395.75,715252.11,2949755.36,94.43,-829605.42,6719977.0
893,Bolaang Mongondow Selatan,2023,1360168.23,36382.44,400177.7,655202.07,32.45,274295.68,2726258.58
894,Bolaang Mongondow Timur,2023,1908007.41,40739.56,673448.7,747033.89,286.78,439136.17,3808652.51
895,Kota Manado,2023,19566644.67,814796.08,4630452.2,16043471.62,241.78,7500196.12,48555802.48
896,Kota Bitung,2023,8421255.11,322743.62,1697625.84,5947993.75,2940.85,6281150.56,22673709.73
897,Kota Tomohon,2023,2954192.99,79773.63,847688.66,2975605.08,1136.24,-1410703.42,5447693.18
898,Kota Kotamobagu,2023,3010686.69,87456.6,772838.68,1436856.13,339.11,-509429.61,4798747.6
899,Banggai Kepulauan,2023,3046083.59,51473.22,732021.59,744937.9,285.43,350729.05,4925530.78
900,Banggai,2023,13372500.65,649682.68,3337943.59,9162010.71,231946.62,11293879.15,38047963.4
901,Morowali,2023,6952355.24,169625.6,911107.25,69778911.27,254840.12,79979595.42,158046434.9
902,Poso,2023,6857208.99,209781.35,2226674.5,5290836.27,61037.37,-2934014.23,11711524.25
903,Donggala,2023,8198104.7,227254.86,1866065.88,5182068.44,282693.89,-700662.6,15055525.17
904,Toli-Toli,2023,5803631.52,131788.99,1528579.99,3493428.47,136496.77,-724998.69,10368927.05
905,Buol,2023,4047682.26,89739.1,1200482.19,2556941.43,8878.93,-720132.81,7183591.1
906,Parigi Moutong,2023,13300385.37,1295336.38,2514106.94,10603101.05,32691.28,-6093486.03,21652134.99
907,Tojo Una-Una,2023,3951365.41,117528.87,1385795.97,1828362.09,34480.65,-505117.03,6812415.96
908,Sigi,2023,6557707.67,306583.57,1651078.56,5341086.6,15302.95,-2499118.61,11372640.74
909,Banggai Laut,2023,2241295.56,30400.64,543230.69,375714.69,120756.85,-293964.69,3017433.74
910,Morowali Utara,2023,6271288.68,122786.32,1138920.05,17596468.71,119226.38,1185018.85,26433708.99
911,Kota Palu,2023,18113000.59,1103664.22,4212808.82,14706932.37,167429.28,-7516593.04,30787242.24
912,Kepulauan Selayar,2023,4173887.2,103033.4,1097181.77,3533501.85,-3494.19,-917865.49,7986244.54
913,Bulukumba,2023,11323342.33,231552.33,1815783.21,5402242.14,15796.63,81841.94,18870558.58
914,Bantaeng,2023,6320179.57,235726.24,1260863.83,6367377.36,43633.24,-1473879.23,12753901.01
915,Jeneponto,2023,8415432.63,330627.38,1387387.31,4734828.99,-5499.37,-2711119.63,12151657.3
916,Takalar,2023,8086723.31,239022.79,1436220.5,2854311.16,-9633.76,261735.87,12868379.87
917,Gowa,2023,16942844.58,566789.76,2616500.64,8602000.45,-19014.01,-255815.22,28453306.2
918,Sinjai,2023,8043996.17,176623.31,1346989.87,5711704.33,8711.14,-497051.91,14790972.92
919,Maros,2023,13761720.23,412782.54,1791371.56,6820270.07,-9269.08,3612094.92,26388970.24
920,Pangkajene dan Kepulauan,2023,14076466.26,379814.94,1629851.54,5346416.22,16576.03,11218058.81,32667183.8
921,Barru,2023,5651804.18,68298.4,1118157.69,4461547.16,-2996.89,-1869701.53,9427109.01
922,Bone,2023,26465137.89,578855.96,4133639.59,16183124.43,-73910.2,-351676.86,46935170.81
923,Soppeng,2023,7908606.88,212423.15,1268465.11,6015644.64,-3473.94,-492332.48,14909333.36
924,Wajo,2023,16021750.45,358637.7,1489948.14,7141986.03,-143528.74,-280221.24,24588572.35
925,Sidenreng Rappang,2023,10503246.94,342805.54,1405970.85,7081805.8,-21075.58,-1108725.82,18204027.73
926,Pinrang,2023,14719570.14,242904.96,1808966.69,8939252.78,-17294.07,-546911.13,25146489.36
927,Enrekang,2023,5711895.92,132505.06,1310170.58,3656763.31,46848.89,-1205884.48,9652299.28
928,Luwu,2023,11543237.9,227799.43,1707988.12,8167961.39,-89923.33,198580.03,21755643.55
929,Tana Toraja,2023,5690682.85,202662.92,1250481.19,3041374.47,-1361.36,-810730.81,9373109.27
930,Luwu Utara,2023,9824542.73,207689.44,1452555.81,5286776.67,2876.13,1066062.56,17840503.34
931,Luwu Timur,2023,11945290.25,316338.45,1364706.82,8678915.43,52029.16,8338668.32,30695948.43
932,Toraja Utara,2023,7015338.18,351651.63,1470230.6,4244518.7,-3027.9,-770947.97,12307763.25
933,Kota Makasar,2023,113504960.6,4058924.85,17644449.45,105805700.5,-63307.47,-14047938.99,226902788.9
934,Kota Parepare,2023,5013442.95,58883.41,1300173.24,3729216.99,5348.71,-795461.3,9311604.0
935,Kota Palopo,2023,5963033.18,162584.6,1307614.52,4246739.4,3858.81,-1184005.04,10499825.47
936,Buton,2023,2655918.96,64835.06,652131.68,1645503.63,120328.31,-76061.4,5062656.23
937,Muna,2023,5665725.6,97855.31,1470736.89,2908365.42,428084.37,-1757076.45,8813691.13
938,Konawe,2023,6910573.06,142223.89,1525341.1,3746830.09,161944.55,5808496.34,18295409.02
939,Kolaka,2023,7841001.63,202475.15,1203888.04,14873812.76,141156.29,11421877.1,35684210.97
940,Konawe Selatan,2023,8722849.06,242099.82,1624379.35,5655502.22,237620.31,-29982.24,16452468.51
941,Bombana,2023,4209382.26,103419.66,830871.26,2565230.5,137045.11,711418.23,8557367.03
942,Wakatobi,2023,2719560.06,97648.37,1154464.35,1697448.75,272583.05,-173603.23,5768101.36
943,Kolaka Utara,2023,4787464.17,89076.24,805655.21,4261187.31,130802.26,1152751.22,11226936.42
944,Buton Utara,2023,1789128.17,33741.55,731659.97,1588248.55,108400.91,-201923.06,4049256.08
945,Konawe Utara,2023,1801036.9,71018.5,602458.77,1373751.69,110778.65,1300742.7,5259787.2
946,Kolaka Timur,2023,3720747.28,48683.66,559369.24,2075625.49,81283.93,-860306.02,5625403.57
947,Konawe Kepulauan,2023,925755.09,20617.32,529413.61,543448.37,46352.08,-348186.47,1717400.0
948,Muna Barat,2023,2866795.94,41887.3,497722.18,1548053.28,133943.52,-1701416.49,3386985.73
949,Buton Tengah,2023,1793276.12,35073.8,386823.67,1204486.7,112513.16,-506217.61,3025955.83
950,Buton Selatan,2023,2073364.91,41495.45,434594.21,1371361.83,96572.69,-424216.62,3593172.48
951,Kota Kendari,2023,15874561.24,279677.79,7166737.73,11426245.89,521190.91,-7008314.53,28260099.03
952,Kota Baubau,2023,6749241.73,124977.89,1625296.15,5176589.25,497744.54,-2652012.57,11521837.0
953,Boalemo,2023,4075391.63,37293.01,1134486.0,1250596.73,131733.86,-42863.56,6586637.68
954,Gorontalo,2023,10130800.29,133841.06,2062046.14,5268838.86,179226.84,-1686998.11,16087755.07
955,Pohuwato,2023,4525525.52,45101.42,1103877.11,1543657.0,124531.84,767998.42,8110691.31
956,Bone Bolango,2023,3506753.71,34679.63,1330573.51,1479249.21,108537.21,-761009.64,5698783.63
957,Gorontalo Utara,2023,2500920.28,64831.08,745794.84,1221808.44,50694.17,-438897.23,4145151.58
958,Kota Gorontalo,2023,7010930.12,67525.23,2952223.24,3433904.48,139925.09,-3068578.67,10535929.5
959,Majene,2023,3711460.34,72208.15,1241774.84,1521783.37,-55117.33,-523385.68,5968723.69
960,Polewali Mandar,2023,9865615.61,89927.75,1850877.78,3981417.82,361287.25,-146356.62,16002769.61
961,Mamasa,2023,2527842.75,68398.29,778288.25,987779.39,87028.45,-974958.29,3474378.84
962,Mamuju,2023,7101007.76,113037.88,3432139.77,4384851.09,184132.17,-835661.2,14379507.47
963,Mamuju Utara,2023,3597788.85,61169.88,843330.98,4054549.5,-33258.7,5862597.63,14386178.14
964,Mamuju Tengah,2023,2359040.31,49570.41,495830.47,1010689.99,144720.35,5946.84,4065798.38
965,Maluku Tenggara Barat,2023,2692183.6,146903.91,1127779.41,1673922.41,37650.22,-2285148.22,3393291.33
966,Maluku Tenggara,2023,2527400.56,105675.85,1201420.64,1405269.87,29898.65,-1159068.52,4110597.05
967,Maluku Tengah,2023,9000062.23,319018.15,2335346.39,2406724.11,31941.9,-3330562.09,10762530.7
968,Buru,2023,2508213.68,89299.47,1060592.96,1166131.65,21384.89,-1868431.53,2977191.13
969,Kepulauan Aru,2023,2093915.75,98569.7,941767.59,1272319.81,14910.07,14872.11,4436355.02
970,Seram Bagian Barat,2023,2864820.72,99829.23,1433501.76,1768693.92,34701.88,-2414002.54,3787544.96
971,Seram Bagian Timur,2023,2087625.79,60139.34,1367560.59,1271301.66,19929.21,-1297203.51,3509353.08
972,Maluku Barat Daya,2023,1268801.09,34847.77,808171.67,799907.57,15109.53,-58534.86,2868302.76
973,Buru Selatan,2023,1518049.73,61324.79,891326.64,837788.5,25231.17,-1567531.16,1766189.67
974,Kota Ambon,2023,12254004.11,447432.92,4109604.39,3855232.58,29255.24,-2164824.58,18530704.66
975,Kota Tual,2023,2061994.36,66178.81,869066.65,976672.44,23814.82,-795316.67,3202410.4
976,Halmahera Barat,2023,1760087.93,122662.91,737269.8,274721.89,-1503.52,-231256.92,2661982.09
977,Halmahera Tengah,2023,1087623.79,42371.23,1116953.93,19714527.21,-276178.84,6673047.33,28358344.64
978,Kepulauan Sula,2023,1785964.63,23556.04,756136.8,888729.11,824.65,-410666.44,3044544.8
979,Halmahera Selatan,2023,4325226.9,54306.32,1216189.82,7776806.77,-2585.48,4357424.37,17727368.7
980,Halmahera Utara,2023,3747466.41,86467.03,1457410.28,1536131.38,-38614.89,-46506.4,6742353.8
981,Halmahera Timur,2023,1871703.4,110591.25,1262755.39,2230534.52,-4847.62,-230015.26,5240721.68
982,Pulau Morotai,2023,1014085.69,9284.19,358561.46,625010.16,-7.27,-153302.83,1853631.4
983,Pulau Taliabu,2023,809945.9,2942.93,221406.05,295135.58,1078.88,606284.78,1936794.1
984,Kota Ternate,2023,8640447.34,164219.66,4190497.3,4090876.57,-16859.14,-3394309.19,13674872.54
985,Kota Tidore Kepulauan,2023,1941289.55,60445.71,2992879.38,869726.4,1242.82,-2354117.54,3511466.33
986,Fakfak,2023,3308037.06,104782.44,2035467.91,1941734.0,203418.28,-1781979.27,5811460.42
987,Kaimana,2023,1296980.29,69531.7,1302814.51,764086.35,-67415.46,-452016.36,2913981.04
988,Teluk Wondama,2023,607185.14,40360.9,866586.06,529759.73,575826.46,-866447.02,1753271.27
989,Teluk Bintuni,2023,1560893.19,71103.43,2052729.57,2859372.07,186722.49,32806481.98,39537302.73
990,Manokwari,2023,5236339.75,248801.88,3317999.56,2827641.34,-159116.34,-682379.83,10789286.36
991,Sorong Selatan,2023,886543.45,62410.04,1128951.21,737090.9,-53962.08,-509598.34,2251435.17
992,Sorong,2023,3327043.88,157180.11,2195232.12,2235961.64,-102903.29,4215631.92,12028146.37
993,Raja Ampat,2023,1238961.38,59448.89,1225166.5,606951.68,20529.31,1016457.76,4167515.52
994,Tambrauw,2023,105151.37,9490.78,222379.97,63960.13,-41895.66,-86495.78,272590.81
995,Maybrat,2023,689759.93,28607.36,837613.65,168563.74,304.9,-913224.28,811625.3
996,Manokwari Selatan,2023,696729.11,25104.42,463610.26,71704.72,11040.59,-340996.26,927192.83
997,Pegunungan Arfak,2023,138469.89,3047.95,171306.06,124245.57,2439.51,-119023.6,320485.39
998,Kota Sorong,2023,9932489.44,132853.74,3014293.01,3143733.53,-413786.86,1019091.47,16828674.33
999,Merauke,2023,13338261.32,218311.82,3521745.04,5294402.0,-499343.58,-2922835.47,18950541.14
1000,Jayawijaya,2023,8863904.19,86989.93,2057636.33,5027253.6,-626519.86,-5254411.29,10154852.92
1001,Jayapura,2023,9508050.98,187559.24,3618576.24,5568797.89,413574.41,-174991.43,19121567.33
1002,Nabire,2023,9084757.67,343827.87,1908053.39,3419579.26,23222.01,-1217557.15,13561883.06
1003,Kepulauan Yapen,2023,3555750.05,213874.03,755373.75,1080439.37,181019.42,-818895.2,4967561.42
1004,Biak Numfor,2023,4672757.09,260614.7,1776020.71,1195825.44,234215.86,-1857814.34,6281619.46
1005,Paniai,2023,3979450.2,15172.53,1260485.41,2420737.28,18205.5,-2680138.21,5013912.7
1006,Puncak Jaya,2023,1503140.95,55068.54,689949.39,739237.55,3073.54,-1481098.6,1509371.37
1007,Mimika,2023,14743913.34,256714.66,4801727.98,23269172.73,9549848.81,74251547.15,126872924.7
1008,Boven Digoel,2023,3773001.69,40207.46,959678.45,2338851.11,-212434.77,-1558248.58,5341055.36
1009,Mappi,2023,2836514.43,57241.29,1208720.24,1834419.88,-7818.18,-2329126.79,3599950.86
1010,Asmat,2023,2607260.49,55038.83,1426146.56,1549771.57,-1660.87,-2491256.82,3145299.77
1011,Yahukimo,2023,2336437.72,23408.06,1071258.19,1560077.38,12008.55,-2102867.29,2900322.61
1012,Pegunungan Bintang,2023,1997194.75,23877.28,675564.84,1028283.34,5480.2,-1361140.4,2369260.0
1013,Tolikara,2023,1688299.19,26643.4,815736.64,945104.65,3353.63,-1470761.23,2008376.29
1014,Sarmi,2023,2513612.37,25202.17,1138904.39,1812859.3,116560.23,-2049013.75,3558124.72
1015,Keerom,2023,2482416.57,41362.58,1035850.69,1599314.62,15911.6,-1788009.26,3386846.81
1016,Waropen,2023,1487494.15,51071.52,854103.7,1029783.17,64533.63,-1182801.51,2304184.66
1017,Supiori,2023,965442.65,73357.24,388271.53,849875.66,36067.22,-1140985.01,1172029.29
1018,Mamberamo Raya,2023,1482275.33,34299.41,621308.1,1019101.07,42705.92,-1056196.2,2143493.63
1019,Nduga,2023,1134720.75,5701.63,507380.14,928072.65,-13063.79,-1051152.04,1511659.33
1020,Lanny Jaya,2023,1881511.69,37230.94,757689.63,1118738.96,-8512.9,-1461736.37,2324921.95
1021,Mamberamo Tengah,2023,1215042.48,14092.76,569134.99,802097.19,-13234.18,-1179079.7,1408053.54
1022,Yalimo,2023,1198859.35,13736.78,493043.31,809152.89,-5600.52,-950090.99,1559100.82
1023,Puncak,2023,1437259.54,21110.18,595721.69,994946.91,21361.31,-1401143.41,1669256.23
1024,Dogiyai,2023,1423824.01,39147.85,665205.23,748455.86,1910.04,-1334950.19,1543592.8
1025,Intan Jaya,2023,1007732.51,8496.44,476170.01,819966.68,-33907.38,-873720.55,1404737.72
1026,Deiyai,2023,1192072.09,5886.39,523387.12,726616.97,-28117.68,-755947.17,1663897.72
1027,Kota Jayapura,2023,17220209.51,3620430.58,15495223.05,17364211.74,1525691.76,-17428694.27,37797072.36
